
**** Build of configuration 'Release' for project 'single_chip_servo' ****

"C:\\ti\\ccs2050\\ccs\\utils\\bin\\gmake" -k all -r 
 

**** Clean-only build of configuration 'Release' for project 'single_chip_servo_am243x-lp_r5fss0-0_nortos_ti-arm-clang' ****

"C:\\ti\\ccs2050\\ccs\\utils\\bin\\gmake" -k -j 20 clean -r -O 
 
**** Build finished ****

gmake: Nothing to be done for 'all'.
 
**** Build finished ****


**** Build of configuration 'Release' for project 'single_chip_servo_am243x-lp_r5fss0-0_nortos_ti-arm-clang' ****

"C:\\ti\\ccs2050\\ccs\\utils\\bin\\gmake" -k -j 20 all -r -O 
 
SysConfig - building file: "../example.syscfg"
"C:/ti/sysconfig_1.20.0/sysconfig_cli.bat" -s "C:/ti/motor_control_sdk_am243x_09_02_00_12/.metadata/product.json" -p "ALX" -r "ALX" --script "C:/CoRoot/##TASKS##/#TASK# TI_AM243x_LaunchPad_eFlex/ccs_singlewire_led_project/single_chip_servo_am243x-lp_r5fss0-1_nortos_ti-arm-clang/example.syscfg" --context "r5fss0-1" --script "C:/CoRoot/##TASKS##/#TASK# TI_AM243x_LaunchPad_eFlex/ccs_singlewire_led_project/single_chip_servo_am243x-lp_r5fss1-0_freertos_ti-arm-clang/example.syscfg" --context "r5fss1-0" --script "C:/CoRoot/##TASKS##/#TASK# TI_AM243x_LaunchPad_eFlex/ccs_singlewire_led_project/single_chip_servo_am243x-lp_r5fss0-0_nortos_ti-arm-clang/example.syscfg" --context "r5fss0-0" -o "syscfg" --compiler ticlang
Running script...
Validating...
info: r5fss0-0 CONFIG_MPU_REGION0(/kernel/dpl/mpu_armv7) attributes: Some memory region(s) within this range is Shared among cores. 
info: r5fss0-0 CONFIG_MPU_REGION0(/kernel/dpl/mpu_armv7) $name: This MPU region includes other cores' memory regions as well. Pl. make sure what you configure.
info: r5fss0-0 CONFIG_MPU_REGION1(/kernel/dpl/mpu_armv7) attributes: Some memory region(s) within this range is Shared among cores. 
info: r5fss0-0 CONFIG_MPU_REGION1(/kernel/dpl/mpu_armv7) $name: This MPU region includes other cores' memory regions as well. Pl. make sure what you configure.
info: r5fss0-0 CONFIG_MPU_REGION2(/kernel/dpl/mpu_armv7) attributes: Some memory region(s) within this range is Shared among cores. 
info: r5fss0-0 CONFIG_MPU_REGION2(/kernel/dpl/mpu_armv7) $name: This MPU region includes other cores' memory regions as well. Pl. make sure what you configure.
info: r5fss0-0 CONFIG_MPU_REGION3(/kernel/dpl/mpu_armv7) attributes: Some memory region(s) within this range is Shared among cores. 
info: r5fss0-0 CONFIG_MPU_REGION3(/kernel/dpl/mpu_armv7) $name: This MPU region includes other cores' memory regions as well. Pl. make sure what you configure.
info: r5fss0-0 CONFIG_MPU_REGION4(/kernel/dpl/mpu_armv7) attributes: Some memory region(s) within this range is Shared among cores. 
info: r5fss0-0 CONFIG_MPU_REGION4(/kernel/dpl/mpu_armv7) $name: This MPU region includes other cores' memory regions as well. Pl. make sure what you configure.
info: r5fss0-0 CONFIG_MPU_REGION5_GPIO(/kernel/dpl/mpu_armv7) attributes: Some memory region(s) within this range is Shared among cores. 
info: r5fss0-0 CONFIG_MPU_REGION5_GPIO(/kernel/dpl/mpu_armv7) $name: This MPU region includes other cores' memory regions as well. Pl. make sure what you configure.
info: r5fss0-0 CONFIG_MPU_REGION6_ICSSG0(/kernel/dpl/mpu_armv7) attributes: Some memory region(s) within this range is Shared among cores. 
info: r5fss0-0 CONFIG_MPU_REGION6_ICSSG0(/kernel/dpl/mpu_armv7) $name: This MPU region includes other cores' memory regions as well. Pl. make sure what you configure.
info: r5fss0-0 CONFIG_MPU_REGION7_PWMs0_8(/kernel/dpl/mpu_armv7) attributes: Some memory region(s) within this range is Shared among cores. 
info: r5fss0-0 CONFIG_MPU_REGION7_PWMs0_8(/kernel/dpl/mpu_armv7) $name: This MPU region includes other cores' memory regions as well. Pl. make sure what you configure.
info: r5fss0-0 CONFIG_MPU_REGION8_PWM9(/kernel/dpl/mpu_armv7) attributes: Some memory region(s) within this range is Shared among cores. 
info: r5fss0-0 CONFIG_MPU_REGION8_PWM9(/kernel/dpl/mpu_armv7) $name: This MPU region includes other cores' memory regions as well. Pl. make sure what you configure.
info: r5fss0-0 CONFIG_MPU_REGION9_OTHER_R5F_TCMB(/kernel/dpl/mpu_armv7) attributes: Some memory region(s) within this range is Shared among cores. 
info: r5fss0-0 CONFIG_MPU_REGION9_OTHER_R5F_TCMB(/kernel/dpl/mpu_armv7) $name: This MPU region includes other cores' memory regions as well. Pl. make sure what you configure.
info: r5fss0-0 CONFIG_MPU_MSRAM_CTRLVARS(/kernel/dpl/mpu_armv7) attributes: Some memory region(s) within this range is Shared among cores. 
info: r5fss0-0 CONFIG_MPU_MSRAM_CTRLVARS(/kernel/dpl/mpu_armv7) $name: This MPU region includes other cores' memory regions as well. Pl. make sure what you configure.
info: r5fss0-0 CONFIG_MPU_MSRAM_NOCACHE(/kernel/dpl/mpu_armv7) attributes: Some memory region(s) within this range is Shared among cores. 
info: r5fss0-0 CONFIG_MPU_MSRAM_NOCACHE(/kernel/dpl/mpu_armv7) $name: This MPU region includes other cores' memory regions as well. Pl. make sure what you configure.
info: r5fss0-0 CONFIG_MPU_MSRAM_NOCACHE0(/kernel/dpl/mpu_armv7) attributes: Some memory region(s) within this range is Shared among cores. 
info: r5fss0-0 CONFIG_MPU_MSRAM_NOCACHE0(/kernel/dpl/mpu_armv7) $name: This MPU region includes other cores' memory regions as well. Pl. make sure what you configure.
info: r5fss0-1 CONFIG_MPU_REGION0(/kernel/dpl/mpu_armv7) attributes: Some memory region(s) within this range is Shared among cores. 
info: r5fss0-1 CONFIG_MPU_REGION0(/kernel/dpl/mpu_armv7) $name: This MPU region includes other cores' memory regions as well. Pl. make sure what you configure.
info: r5fss0-1 CONFIG_MPU_REGION1(/kernel/dpl/mpu_armv7) attributes: Some memory region(s) within this range is Shared among cores. 
info: r5fss0-1 CONFIG_MPU_REGION1(/kernel/dpl/mpu_armv7) $name: This MPU region includes other cores' memory regions as well. Pl. make sure what you configure.
info: r5fss0-1 CONFIG_MPU_REGION2(/kernel/dpl/mpu_armv7) attributes: Some memory region(s) within this range is Shared among cores. 
info: r5fss0-1 CONFIG_MPU_REGION2(/kernel/dpl/mpu_armv7) $name: This MPU region includes other cores' memory regions as well. Pl. make sure what you configure.
info: r5fss0-1 CONFIG_MPU_REGION3(/kernel/dpl/mpu_armv7) attributes: Some memory region(s) within this range is Shared among cores. 
info: r5fss0-1 CONFIG_MPU_REGION3(/kernel/dpl/mpu_armv7) $name: This MPU region includes other cores' memory regions as well. Pl. make sure what you configure.
info: r5fss0-1 CONFIG_MPU_REGION4(/kernel/dpl/mpu_armv7) attributes: Some memory region(s) within this range is Shared among cores. 
info: r5fss0-1 CONFIG_MPU_REGION4(/kernel/dpl/mpu_armv7) $name: This MPU region includes other cores' memory regions as well. Pl. make sure what you configure.
info: r5fss0-1 CONFIG_MPU_REGION5_GPIO(/kernel/dpl/mpu_armv7) attributes: Some memory region(s) within this range is Shared among cores. 
info: r5fss0-1 CONFIG_MPU_REGION5_GPIO(/kernel/dpl/mpu_armv7) $name: This MPU region includes other cores' memory regions as well. Pl. make sure what you configure.
info: r5fss0-1 CONFIG_MPU_REGION6_ICSSG0(/kernel/dpl/mpu_armv7) attributes: Some memory region(s) within this range is Shared among cores. 
info: r5fss0-1 CONFIG_MPU_REGION6_ICSSG0(/kernel/dpl/mpu_armv7) $name: This MPU region includes other cores' memory regions as well. Pl. make sure what you configure.
info: r5fss0-1 CONFIG_MPU_REGION7_PWMs0_8(/kernel/dpl/mpu_armv7) attributes: Some memory region(s) within this range is Shared among cores. 
info: r5fss0-1 CONFIG_MPU_REGION7_PWMs0_8(/kernel/dpl/mpu_armv7) $name: This MPU region includes other cores' memory regions as well. Pl. make sure what you configure.
info: r5fss0-1 CONFIG_MPU_REGION8_PWM9(/kernel/dpl/mpu_armv7) attributes: Some memory region(s) within this range is Shared among cores. 
info: r5fss0-1 CONFIG_MPU_REGION8_PWM9(/kernel/dpl/mpu_armv7) $name: This MPU region includes other cores' memory regions as well. Pl. make sure what you configure.
info: r5fss0-1 CONFIG_MPU_REGION9_OTHER_R5F_TCMB(/kernel/dpl/mpu_armv7) attributes: Some memory region(s) within this range is Shared among cores. 
info: r5fss0-1 CONFIG_MPU_REGION9_OTHER_R5F_TCMB(/kernel/dpl/mpu_armv7) $name: This MPU region includes other cores' memory regions as well. Pl. make sure what you configure.
info: r5fss0-1 CONFIG_MPU_MSRAM_CTRLVARS(/kernel/dpl/mpu_armv7) attributes: Some memory region(s) within this range is Shared among cores. 
info: r5fss0-1 CONFIG_MPU_MSRAM_CTRLVARS(/kernel/dpl/mpu_armv7) $name: This MPU region includes other cores' memory regions as well. Pl. make sure what you configure.
info: r5fss0-1 CONFIG_MPU_MSRAM_NOCACHE(/kernel/dpl/mpu_armv7) attributes: Some memory region(s) within this range is Shared among cores. 
info: r5fss0-1 CONFIG_MPU_MSRAM_NOCACHE(/kernel/dpl/mpu_armv7) $name: This MPU region includes other cores' memory regions as well. Pl. make sure what you configure.
info: r5fss0-1 CONFIG_MPU_MSRAM_NOCACHE0(/kernel/dpl/mpu_armv7) attributes: Some memory region(s) within this range is Shared among cores. 
info: r5fss0-1 CONFIG_MPU_MSRAM_NOCACHE0(/kernel/dpl/mpu_armv7) $name: This MPU region includes other cores' memory regions as well. Pl. make sure what you configure.
info: r5fss1-0 CONFIG_UART_CONSOLE(/drivers/uart/uart) baudRate: Actual Baudrate Possible: 115385 (0 % error)
info: r5fss1-0 CONFIG_MPU_REGION0(/kernel/dpl/mpu_armv7) attributes: Some memory region(s) within this range is Shared among cores. 
info: r5fss1-0 CONFIG_MPU_REGION0(/kernel/dpl/mpu_armv7) $name: This MPU region includes other cores' memory regions as well. Pl. make sure what you configure.
info: r5fss1-0 CONFIG_MPU_REGION1(/kernel/dpl/mpu_armv7) attributes: Some memory region(s) within this range is Shared among cores. 
info: r5fss1-0 CONFIG_MPU_REGION1(/kernel/dpl/mpu_armv7) $name: This MPU region includes other cores' memory regions as well. Pl. make sure what you configure.
info: r5fss1-0 CONFIG_MPU_REGION2(/kernel/dpl/mpu_armv7) attributes: Some memory region(s) within this range is Shared among cores. 
info: r5fss1-0 CONFIG_MPU_REGION2(/kernel/dpl/mpu_armv7) $name: This MPU region includes other cores' memory regions as well. Pl. make sure what you configure.
info: r5fss1-0 CONFIG_MPU_REGION3(/kernel/dpl/mpu_armv7) attributes: Some memory region(s) within this range is Shared among cores. 
info: r5fss1-0 CONFIG_MPU_REGION3(/kernel/dpl/mpu_armv7) $name: This MPU region includes other cores' memory regions as well. Pl. make sure what you configure.
info: r5fss1-0 CONFIG_MPU_MSRAM_NOCACHE0(/kernel/dpl/mpu_armv7) attributes: Some memory region(s) within this range is Shared among cores. 
info: r5fss1-0 CONFIG_MPU_MSRAM_NOCACHE0(/kernel/dpl/mpu_armv7) $name: This MPU region includes other cores' memory regions as well. Pl. make sure what you configure.
info: r5fss1-0 CONFIG_MPU_MSRAM_NOCACHE1(/kernel/dpl/mpu_armv7) attributes: Some memory region(s) within this range is Shared among cores. 
info: r5fss1-0 CONFIG_MPU_MSRAM_NOCACHE1(/kernel/dpl/mpu_armv7) $name: This MPU region includes other cores' memory regions as well. Pl. make sure what you configure.
Generating Code (example.syscfg)...
Writing C:\CoRoot\##TASKS##\#TASK# TI_AM243x_LaunchPad_eFlex\ccs_singlewire_led_project\single_chip_servo_am243x-lp_r5fss0-0_nortos_ti-arm-clang\Release\syscfg\ti_dpl_config.c...
Writing C:\CoRoot\##TASKS##\#TASK# TI_AM243x_LaunchPad_eFlex\ccs_singlewire_led_project\single_chip_servo_am243x-lp_r5fss0-0_nortos_ti-arm-clang\Release\syscfg\ti_dpl_config.h...
Writing C:\CoRoot\##TASKS##\#TASK# TI_AM243x_LaunchPad_eFlex\ccs_singlewire_led_project\single_chip_servo_am243x-lp_r5fss0-0_nortos_ti-arm-clang\Release\syscfg\ti_drivers_config.c...
Writing C:\CoRoot\##TASKS##\#TASK# TI_AM243x_LaunchPad_eFlex\ccs_singlewire_led_project\single_chip_servo_am243x-lp_r5fss0-0_nortos_ti-arm-clang\Release\syscfg\ti_drivers_config.h...
Writing C:\CoRoot\##TASKS##\#TASK# TI_AM243x_LaunchPad_eFlex\ccs_singlewire_led_project\single_chip_servo_am243x-lp_r5fss0-0_nortos_ti-arm-clang\Release\syscfg\ti_drivers_open_close.c...
Writing C:\CoRoot\##TASKS##\#TASK# TI_AM243x_LaunchPad_eFlex\ccs_singlewire_led_project\single_chip_servo_am243x-lp_r5fss0-0_nortos_ti-arm-clang\Release\syscfg\ti_drivers_open_close.h...
Writing C:\CoRoot\##TASKS##\#TASK# TI_AM243x_LaunchPad_eFlex\ccs_singlewire_led_project\single_chip_servo_am243x-lp_r5fss0-0_nortos_ti-arm-clang\Release\syscfg\ti_pinmux_config.c...
Writing C:\CoRoot\##TASKS##\#TASK# TI_AM243x_LaunchPad_eFlex\ccs_singlewire_led_project\single_chip_servo_am243x-lp_r5fss0-0_nortos_ti-arm-clang\Release\syscfg\ti_power_clock_config.c...
Writing C:\CoRoot\##TASKS##\#TASK# TI_AM243x_LaunchPad_eFlex\ccs_singlewire_led_project\single_chip_servo_am243x-lp_r5fss0-0_nortos_ti-arm-clang\Release\syscfg\ti_board_config.c...
Writing C:\CoRoot\##TASKS##\#TASK# TI_AM243x_LaunchPad_eFlex\ccs_singlewire_led_project\single_chip_servo_am243x-lp_r5fss0-0_nortos_ti-arm-clang\Release\syscfg\ti_board_config.h...
Writing C:\CoRoot\##TASKS##\#TASK# TI_AM243x_LaunchPad_eFlex\ccs_singlewire_led_project\single_chip_servo_am243x-lp_r5fss0-0_nortos_ti-arm-clang\Release\syscfg\ti_board_open_close.c...
Writing C:\CoRoot\##TASKS##\#TASK# TI_AM243x_LaunchPad_eFlex\ccs_singlewire_led_project\single_chip_servo_am243x-lp_r5fss0-0_nortos_ti-arm-clang\Release\syscfg\ti_board_open_close.h...
Writing C:\CoRoot\##TASKS##\#TASK# TI_AM243x_LaunchPad_eFlex\ccs_singlewire_led_project\single_chip_servo_am243x-lp_r5fss0-0_nortos_ti-arm-clang\Release\syscfg\ti_enet_config.c...
Writing C:\CoRoot\##TASKS##\#TASK# TI_AM243x_LaunchPad_eFlex\ccs_singlewire_led_project\single_chip_servo_am243x-lp_r5fss0-0_nortos_ti-arm-clang\Release\syscfg\ti_enet_config.h...
Writing C:\CoRoot\##TASKS##\#TASK# TI_AM243x_LaunchPad_eFlex\ccs_singlewire_led_project\single_chip_servo_am243x-lp_r5fss0-0_nortos_ti-arm-clang\Release\syscfg\ti_enet_open_close.c...
Writing C:\CoRoot\##TASKS##\#TASK# TI_AM243x_LaunchPad_eFlex\ccs_singlewire_led_project\single_chip_servo_am243x-lp_r5fss0-0_nortos_ti-arm-clang\Release\syscfg\ti_enet_open_close.h...
Writing C:\CoRoot\##TASKS##\#TASK# TI_AM243x_LaunchPad_eFlex\ccs_singlewire_led_project\single_chip_servo_am243x-lp_r5fss0-0_nortos_ti-arm-clang\Release\syscfg\ti_enet_soc.c...
Writing C:\CoRoot\##TASKS##\#TASK# TI_AM243x_LaunchPad_eFlex\ccs_singlewire_led_project\single_chip_servo_am243x-lp_r5fss0-0_nortos_ti-arm-clang\Release\syscfg\ti_enet_lwipif.c...
Writing C:\CoRoot\##TASKS##\#TASK# TI_AM243x_LaunchPad_eFlex\ccs_singlewire_led_project\single_chip_servo_am243x-lp_r5fss0-0_nortos_ti-arm-clang\Release\syscfg\ti_enet_lwipif.h...
Writing C:\CoRoot\##TASKS##\#TASK# TI_AM243x_LaunchPad_eFlex\ccs_singlewire_led_project\single_chip_servo_am243x-lp_r5fss0-0_nortos_ti-arm-clang\Release\syscfg\ti_pru_io_config.inc...
Writing C:\CoRoot\##TASKS##\#TASK# TI_AM243x_LaunchPad_eFlex\ccs_singlewire_led_project\single_chip_servo_am243x-lp_r5fss0-0_nortos_ti-arm-clang\Release\syscfg\linker.cmd...
Writing C:\CoRoot\##TASKS##\#TASK# TI_AM243x_LaunchPad_eFlex\ccs_singlewire_led_project\single_chip_servo_am243x-lp_r5fss0-0_nortos_ti-arm-clang\Release\syscfg\linker_defines.h...
Finished building: "../example.syscfg"
 
Arm Compiler - building file: "../epwm_drv_aux.c"
"C:/ti/ti_cgt_arm_llvm_3.2.2.LTS/bin/tiarmclang.exe" -c -mcpu=cortex-r5 -mfloat-abi=hard -mfpu=vfpv3-d16 -mlittle-endian -mthumb -Os -I"C:/ti/ti_cgt_arm_llvm_3.2.2.LTS/include/c" -I"C:/ti/motor_control_sdk_am243x_09_02_00_12/mcu_plus_sdk/source" -I"C:/ti/motor_control_sdk_am243x_09_02_00_12/source" -I"C:/ti/motor_control_sdk_am243x_09_02_00_12/mcu_plus_sdk/source/drivers" -I"C:/ti/motor_control_sdk_am243x_09_02_00_12/mcu_plus_sdk/source/board" -I"C:/ti/motor_control_sdk_am243x_09_02_00_12/mcu_plus_sdk/source/cmsis/DSP/Include" -I"C:/ti/motor_control_sdk_am243x_09_02_00_12/mcu_plus_sdk/source/cmsis/Core/Include" -I"C:/ti/motor_control_sdk_am243x_09_02_00_12/source/current_sense/sdfm/firmware" -I"C:/ti/motor_control_sdk_am243x_09_02_00_12/source/current_sense/sdfm/include" -I"C:/ti/motor_control_sdk_am243x_09_02_00_12/source/position_sense/endat/firmware" -I"C:/ti/motor_control_sdk_am243x_09_02_00_12/source/position_sense/endat/include" -I"C:/ti/motor_control_sdk_am243x_09_02_00_12/source/transforms/clarke" -I"C:/ti/motor_control_sdk_am243x_09_02_00_12/source/transforms/ipark" -I"C:/ti/motor_control_sdk_am243x_09_02_00_12/source/transforms/park" -I"C:/ti/motor_control_sdk_am243x_09_02_00_12/source/transforms/svgen" -I"C:/ti/motor_control_sdk_am243x_09_02_00_12/source/dcl" -DSOC_AM243X -g -Wall -Wno-gnu-variable-sized-type-not-at-end -Wno-unused-function -MMD -MP -MF"epwm_drv_aux.d_raw" -MT"epwm_drv_aux.o" -I"C:/CoRoot/##TASKS##/#TASK# TI_AM243x_LaunchPad_eFlex/ccs_singlewire_led_project/single_chip_servo_am243x-lp_r5fss0-0_nortos_ti-arm-clang/Release/syscfg"   -o"epwm_drv_aux.o" "../epwm_drv_aux.c"
Finished building: "../epwm_drv_aux.c"
 
Arm Compiler - building file: "syscfg/ti_enet_config.c"
"C:/ti/ti_cgt_arm_llvm_3.2.2.LTS/bin/tiarmclang.exe" -c -mcpu=cortex-r5 -mfloat-abi=hard -mfpu=vfpv3-d16 -mlittle-endian -mthumb -Os -I"C:/ti/ti_cgt_arm_llvm_3.2.2.LTS/include/c" -I"C:/ti/motor_control_sdk_am243x_09_02_00_12/mcu_plus_sdk/source" -I"C:/ti/motor_control_sdk_am243x_09_02_00_12/source" -I"C:/ti/motor_control_sdk_am243x_09_02_00_12/mcu_plus_sdk/source/drivers" -I"C:/ti/motor_control_sdk_am243x_09_02_00_12/mcu_plus_sdk/source/board" -I"C:/ti/motor_control_sdk_am243x_09_02_00_12/mcu_plus_sdk/source/cmsis/DSP/Include" -I"C:/ti/motor_control_sdk_am243x_09_02_00_12/mcu_plus_sdk/source/cmsis/Core/Include" -I"C:/ti/motor_control_sdk_am243x_09_02_00_12/source/current_sense/sdfm/firmware" -I"C:/ti/motor_control_sdk_am243x_09_02_00_12/source/current_sense/sdfm/include" -I"C:/ti/motor_control_sdk_am243x_09_02_00_12/source/position_sense/endat/firmware" -I"C:/ti/motor_control_sdk_am243x_09_02_00_12/source/position_sense/endat/include" -I"C:/ti/motor_control_sdk_am243x_09_02_00_12/source/transforms/clarke" -I"C:/ti/motor_control_sdk_am243x_09_02_00_12/source/transforms/ipark" -I"C:/ti/motor_control_sdk_am243x_09_02_00_12/source/transforms/park" -I"C:/ti/motor_control_sdk_am243x_09_02_00_12/source/transforms/svgen" -I"C:/ti/motor_control_sdk_am243x_09_02_00_12/source/dcl" -DSOC_AM243X -g -Wall -Wno-gnu-variable-sized-type-not-at-end -Wno-unused-function -MMD -MP -MF"syscfg/ti_enet_config.d_raw" -MT"syscfg/ti_enet_config.o" -I"C:/CoRoot/##TASKS##/#TASK# TI_AM243x_LaunchPad_eFlex/ccs_singlewire_led_project/single_chip_servo_am243x-lp_r5fss0-0_nortos_ti-arm-clang/Release/syscfg"   -o"syscfg/ti_enet_config.o" "syscfg/ti_enet_config.c"
Finished building: "syscfg/ti_enet_config.c"
 
Arm Compiler - building file: "syscfg/ti_dpl_config.c"
"C:/ti/ti_cgt_arm_llvm_3.2.2.LTS/bin/tiarmclang.exe" -c -mcpu=cortex-r5 -mfloat-abi=hard -mfpu=vfpv3-d16 -mlittle-endian -mthumb -Os -I"C:/ti/ti_cgt_arm_llvm_3.2.2.LTS/include/c" -I"C:/ti/motor_control_sdk_am243x_09_02_00_12/mcu_plus_sdk/source" -I"C:/ti/motor_control_sdk_am243x_09_02_00_12/source" -I"C:/ti/motor_control_sdk_am243x_09_02_00_12/mcu_plus_sdk/source/drivers" -I"C:/ti/motor_control_sdk_am243x_09_02_00_12/mcu_plus_sdk/source/board" -I"C:/ti/motor_control_sdk_am243x_09_02_00_12/mcu_plus_sdk/source/cmsis/DSP/Include" -I"C:/ti/motor_control_sdk_am243x_09_02_00_12/mcu_plus_sdk/source/cmsis/Core/Include" -I"C:/ti/motor_control_sdk_am243x_09_02_00_12/source/current_sense/sdfm/firmware" -I"C:/ti/motor_control_sdk_am243x_09_02_00_12/source/current_sense/sdfm/include" -I"C:/ti/motor_control_sdk_am243x_09_02_00_12/source/position_sense/endat/firmware" -I"C:/ti/motor_control_sdk_am243x_09_02_00_12/source/position_sense/endat/include" -I"C:/ti/motor_control_sdk_am243x_09_02_00_12/source/transforms/clarke" -I"C:/ti/motor_control_sdk_am243x_09_02_00_12/source/transforms/ipark" -I"C:/ti/motor_control_sdk_am243x_09_02_00_12/source/transforms/park" -I"C:/ti/motor_control_sdk_am243x_09_02_00_12/source/transforms/svgen" -I"C:/ti/motor_control_sdk_am243x_09_02_00_12/source/dcl" -DSOC_AM243X -g -Wall -Wno-gnu-variable-sized-type-not-at-end -Wno-unused-function -MMD -MP -MF"syscfg/ti_dpl_config.d_raw" -MT"syscfg/ti_dpl_config.o" -I"C:/CoRoot/##TASKS##/#TASK# TI_AM243x_LaunchPad_eFlex/ccs_singlewire_led_project/single_chip_servo_am243x-lp_r5fss0-0_nortos_ti-arm-clang/Release/syscfg"   -o"syscfg/ti_dpl_config.o" "syscfg/ti_dpl_config.c"
Finished building: "syscfg/ti_dpl_config.c"
 
Arm Compiler - building file: "../endat_periodic_trigger.c"
"C:/ti/ti_cgt_arm_llvm_3.2.2.LTS/bin/tiarmclang.exe" -c -mcpu=cortex-r5 -mfloat-abi=hard -mfpu=vfpv3-d16 -mlittle-endian -mthumb -Os -I"C:/ti/ti_cgt_arm_llvm_3.2.2.LTS/include/c" -I"C:/ti/motor_control_sdk_am243x_09_02_00_12/mcu_plus_sdk/source" -I"C:/ti/motor_control_sdk_am243x_09_02_00_12/source" -I"C:/ti/motor_control_sdk_am243x_09_02_00_12/mcu_plus_sdk/source/drivers" -I"C:/ti/motor_control_sdk_am243x_09_02_00_12/mcu_plus_sdk/source/board" -I"C:/ti/motor_control_sdk_am243x_09_02_00_12/mcu_plus_sdk/source/cmsis/DSP/Include" -I"C:/ti/motor_control_sdk_am243x_09_02_00_12/mcu_plus_sdk/source/cmsis/Core/Include" -I"C:/ti/motor_control_sdk_am243x_09_02_00_12/source/current_sense/sdfm/firmware" -I"C:/ti/motor_control_sdk_am243x_09_02_00_12/source/current_sense/sdfm/include" -I"C:/ti/motor_control_sdk_am243x_09_02_00_12/source/position_sense/endat/firmware" -I"C:/ti/motor_control_sdk_am243x_09_02_00_12/source/position_sense/endat/include" -I"C:/ti/motor_control_sdk_am243x_09_02_00_12/source/transforms/clarke" -I"C:/ti/motor_control_sdk_am243x_09_02_00_12/source/transforms/ipark" -I"C:/ti/motor_control_sdk_am243x_09_02_00_12/source/transforms/park" -I"C:/ti/motor_control_sdk_am243x_09_02_00_12/source/transforms/svgen" -I"C:/ti/motor_control_sdk_am243x_09_02_00_12/source/dcl" -DSOC_AM243X -g -Wall -Wno-gnu-variable-sized-type-not-at-end -Wno-unused-function -MMD -MP -MF"endat_periodic_trigger.d_raw" -MT"endat_periodic_trigger.o" -I"C:/CoRoot/##TASKS##/#TASK# TI_AM243x_LaunchPad_eFlex/ccs_singlewire_led_project/single_chip_servo_am243x-lp_r5fss0-0_nortos_ti-arm-clang/Release/syscfg"   -o"endat_periodic_trigger.o" "../endat_periodic_trigger.c"
Finished building: "../endat_periodic_trigger.c"
 
Arm Compiler - building file: "syscfg/ti_drivers_open_close.c"
"C:/ti/ti_cgt_arm_llvm_3.2.2.LTS/bin/tiarmclang.exe" -c -mcpu=cortex-r5 -mfloat-abi=hard -mfpu=vfpv3-d16 -mlittle-endian -mthumb -Os -I"C:/ti/ti_cgt_arm_llvm_3.2.2.LTS/include/c" -I"C:/ti/motor_control_sdk_am243x_09_02_00_12/mcu_plus_sdk/source" -I"C:/ti/motor_control_sdk_am243x_09_02_00_12/source" -I"C:/ti/motor_control_sdk_am243x_09_02_00_12/mcu_plus_sdk/source/drivers" -I"C:/ti/motor_control_sdk_am243x_09_02_00_12/mcu_plus_sdk/source/board" -I"C:/ti/motor_control_sdk_am243x_09_02_00_12/mcu_plus_sdk/source/cmsis/DSP/Include" -I"C:/ti/motor_control_sdk_am243x_09_02_00_12/mcu_plus_sdk/source/cmsis/Core/Include" -I"C:/ti/motor_control_sdk_am243x_09_02_00_12/source/current_sense/sdfm/firmware" -I"C:/ti/motor_control_sdk_am243x_09_02_00_12/source/current_sense/sdfm/include" -I"C:/ti/motor_control_sdk_am243x_09_02_00_12/source/position_sense/endat/firmware" -I"C:/ti/motor_control_sdk_am243x_09_02_00_12/source/position_sense/endat/include" -I"C:/ti/motor_control_sdk_am243x_09_02_00_12/source/transforms/clarke" -I"C:/ti/motor_control_sdk_am243x_09_02_00_12/source/transforms/ipark" -I"C:/ti/motor_control_sdk_am243x_09_02_00_12/source/transforms/park" -I"C:/ti/motor_control_sdk_am243x_09_02_00_12/source/transforms/svgen" -I"C:/ti/motor_control_sdk_am243x_09_02_00_12/source/dcl" -DSOC_AM243X -g -Wall -Wno-gnu-variable-sized-type-not-at-end -Wno-unused-function -MMD -MP -MF"syscfg/ti_drivers_open_close.d_raw" -MT"syscfg/ti_drivers_open_close.o" -I"C:/CoRoot/##TASKS##/#TASK# TI_AM243x_LaunchPad_eFlex/ccs_singlewire_led_project/single_chip_servo_am243x-lp_r5fss0-0_nortos_ti-arm-clang/Release/syscfg"   -o"syscfg/ti_drivers_open_close.o" "syscfg/ti_drivers_open_close.c"
Finished building: "syscfg/ti_drivers_open_close.c"
 
Arm Compiler - building file: "syscfg/ti_drivers_config.c"
"C:/ti/ti_cgt_arm_llvm_3.2.2.LTS/bin/tiarmclang.exe" -c -mcpu=cortex-r5 -mfloat-abi=hard -mfpu=vfpv3-d16 -mlittle-endian -mthumb -Os -I"C:/ti/ti_cgt_arm_llvm_3.2.2.LTS/include/c" -I"C:/ti/motor_control_sdk_am243x_09_02_00_12/mcu_plus_sdk/source" -I"C:/ti/motor_control_sdk_am243x_09_02_00_12/source" -I"C:/ti/motor_control_sdk_am243x_09_02_00_12/mcu_plus_sdk/source/drivers" -I"C:/ti/motor_control_sdk_am243x_09_02_00_12/mcu_plus_sdk/source/board" -I"C:/ti/motor_control_sdk_am243x_09_02_00_12/mcu_plus_sdk/source/cmsis/DSP/Include" -I"C:/ti/motor_control_sdk_am243x_09_02_00_12/mcu_plus_sdk/source/cmsis/Core/Include" -I"C:/ti/motor_control_sdk_am243x_09_02_00_12/source/current_sense/sdfm/firmware" -I"C:/ti/motor_control_sdk_am243x_09_02_00_12/source/current_sense/sdfm/include" -I"C:/ti/motor_control_sdk_am243x_09_02_00_12/source/position_sense/endat/firmware" -I"C:/ti/motor_control_sdk_am243x_09_02_00_12/source/position_sense/endat/include" -I"C:/ti/motor_control_sdk_am243x_09_02_00_12/source/transforms/clarke" -I"C:/ti/motor_control_sdk_am243x_09_02_00_12/source/transforms/ipark" -I"C:/ti/motor_control_sdk_am243x_09_02_00_12/source/transforms/park" -I"C:/ti/motor_control_sdk_am243x_09_02_00_12/source/transforms/svgen" -I"C:/ti/motor_control_sdk_am243x_09_02_00_12/source/dcl" -DSOC_AM243X -g -Wall -Wno-gnu-variable-sized-type-not-at-end -Wno-unused-function -MMD -MP -MF"syscfg/ti_drivers_config.d_raw" -MT"syscfg/ti_drivers_config.o" -I"C:/CoRoot/##TASKS##/#TASK# TI_AM243x_LaunchPad_eFlex/ccs_singlewire_led_project/single_chip_servo_am243x-lp_r5fss0-0_nortos_ti-arm-clang/Release/syscfg"   -o"syscfg/ti_drivers_config.o" "syscfg/ti_drivers_config.c"
Finished building: "syscfg/ti_drivers_config.c"
 
Arm Compiler - building file: "syscfg/ti_pinmux_config.c"
"C:/ti/ti_cgt_arm_llvm_3.2.2.LTS/bin/tiarmclang.exe" -c -mcpu=cortex-r5 -mfloat-abi=hard -mfpu=vfpv3-d16 -mlittle-endian -mthumb -Os -I"C:/ti/ti_cgt_arm_llvm_3.2.2.LTS/include/c" -I"C:/ti/motor_control_sdk_am243x_09_02_00_12/mcu_plus_sdk/source" -I"C:/ti/motor_control_sdk_am243x_09_02_00_12/source" -I"C:/ti/motor_control_sdk_am243x_09_02_00_12/mcu_plus_sdk/source/drivers" -I"C:/ti/motor_control_sdk_am243x_09_02_00_12/mcu_plus_sdk/source/board" -I"C:/ti/motor_control_sdk_am243x_09_02_00_12/mcu_plus_sdk/source/cmsis/DSP/Include" -I"C:/ti/motor_control_sdk_am243x_09_02_00_12/mcu_plus_sdk/source/cmsis/Core/Include" -I"C:/ti/motor_control_sdk_am243x_09_02_00_12/source/current_sense/sdfm/firmware" -I"C:/ti/motor_control_sdk_am243x_09_02_00_12/source/current_sense/sdfm/include" -I"C:/ti/motor_control_sdk_am243x_09_02_00_12/source/position_sense/endat/firmware" -I"C:/ti/motor_control_sdk_am243x_09_02_00_12/source/position_sense/endat/include" -I"C:/ti/motor_control_sdk_am243x_09_02_00_12/source/transforms/clarke" -I"C:/ti/motor_control_sdk_am243x_09_02_00_12/source/transforms/ipark" -I"C:/ti/motor_control_sdk_am243x_09_02_00_12/source/transforms/park" -I"C:/ti/motor_control_sdk_am243x_09_02_00_12/source/transforms/svgen" -I"C:/ti/motor_control_sdk_am243x_09_02_00_12/source/dcl" -DSOC_AM243X -g -Wall -Wno-gnu-variable-sized-type-not-at-end -Wno-unused-function -MMD -MP -MF"syscfg/ti_pinmux_config.d_raw" -MT"syscfg/ti_pinmux_config.o" -I"C:/CoRoot/##TASKS##/#TASK# TI_AM243x_LaunchPad_eFlex/ccs_singlewire_led_project/single_chip_servo_am243x-lp_r5fss0-0_nortos_ti-arm-clang/Release/syscfg"   -o"syscfg/ti_pinmux_config.o" "syscfg/ti_pinmux_config.c"
Finished building: "syscfg/ti_pinmux_config.c"
 
Arm Compiler - building file: "syscfg/ti_power_clock_config.c"
"C:/ti/ti_cgt_arm_llvm_3.2.2.LTS/bin/tiarmclang.exe" -c -mcpu=cortex-r5 -mfloat-abi=hard -mfpu=vfpv3-d16 -mlittle-endian -mthumb -Os -I"C:/ti/ti_cgt_arm_llvm_3.2.2.LTS/include/c" -I"C:/ti/motor_control_sdk_am243x_09_02_00_12/mcu_plus_sdk/source" -I"C:/ti/motor_control_sdk_am243x_09_02_00_12/source" -I"C:/ti/motor_control_sdk_am243x_09_02_00_12/mcu_plus_sdk/source/drivers" -I"C:/ti/motor_control_sdk_am243x_09_02_00_12/mcu_plus_sdk/source/board" -I"C:/ti/motor_control_sdk_am243x_09_02_00_12/mcu_plus_sdk/source/cmsis/DSP/Include" -I"C:/ti/motor_control_sdk_am243x_09_02_00_12/mcu_plus_sdk/source/cmsis/Core/Include" -I"C:/ti/motor_control_sdk_am243x_09_02_00_12/source/current_sense/sdfm/firmware" -I"C:/ti/motor_control_sdk_am243x_09_02_00_12/source/current_sense/sdfm/include" -I"C:/ti/motor_control_sdk_am243x_09_02_00_12/source/position_sense/endat/firmware" -I"C:/ti/motor_control_sdk_am243x_09_02_00_12/source/position_sense/endat/include" -I"C:/ti/motor_control_sdk_am243x_09_02_00_12/source/transforms/clarke" -I"C:/ti/motor_control_sdk_am243x_09_02_00_12/source/transforms/ipark" -I"C:/ti/motor_control_sdk_am243x_09_02_00_12/source/transforms/park" -I"C:/ti/motor_control_sdk_am243x_09_02_00_12/source/transforms/svgen" -I"C:/ti/motor_control_sdk_am243x_09_02_00_12/source/dcl" -DSOC_AM243X -g -Wall -Wno-gnu-variable-sized-type-not-at-end -Wno-unused-function -MMD -MP -MF"syscfg/ti_power_clock_config.d_raw" -MT"syscfg/ti_power_clock_config.o" -I"C:/CoRoot/##TASKS##/#TASK# TI_AM243x_LaunchPad_eFlex/ccs_singlewire_led_project/single_chip_servo_am243x-lp_r5fss0-0_nortos_ti-arm-clang/Release/syscfg"   -o"syscfg/ti_power_clock_config.o" "syscfg/ti_power_clock_config.c"
Finished building: "syscfg/ti_power_clock_config.c"
 
Arm Compiler - building file: "syscfg/ti_enet_open_close.c"
"C:/ti/ti_cgt_arm_llvm_3.2.2.LTS/bin/tiarmclang.exe" -c -mcpu=cortex-r5 -mfloat-abi=hard -mfpu=vfpv3-d16 -mlittle-endian -mthumb -Os -I"C:/ti/ti_cgt_arm_llvm_3.2.2.LTS/include/c" -I"C:/ti/motor_control_sdk_am243x_09_02_00_12/mcu_plus_sdk/source" -I"C:/ti/motor_control_sdk_am243x_09_02_00_12/source" -I"C:/ti/motor_control_sdk_am243x_09_02_00_12/mcu_plus_sdk/source/drivers" -I"C:/ti/motor_control_sdk_am243x_09_02_00_12/mcu_plus_sdk/source/board" -I"C:/ti/motor_control_sdk_am243x_09_02_00_12/mcu_plus_sdk/source/cmsis/DSP/Include" -I"C:/ti/motor_control_sdk_am243x_09_02_00_12/mcu_plus_sdk/source/cmsis/Core/Include" -I"C:/ti/motor_control_sdk_am243x_09_02_00_12/source/current_sense/sdfm/firmware" -I"C:/ti/motor_control_sdk_am243x_09_02_00_12/source/current_sense/sdfm/include" -I"C:/ti/motor_control_sdk_am243x_09_02_00_12/source/position_sense/endat/firmware" -I"C:/ti/motor_control_sdk_am243x_09_02_00_12/source/position_sense/endat/include" -I"C:/ti/motor_control_sdk_am243x_09_02_00_12/source/transforms/clarke" -I"C:/ti/motor_control_sdk_am243x_09_02_00_12/source/transforms/ipark" -I"C:/ti/motor_control_sdk_am243x_09_02_00_12/source/transforms/park" -I"C:/ti/motor_control_sdk_am243x_09_02_00_12/source/transforms/svgen" -I"C:/ti/motor_control_sdk_am243x_09_02_00_12/source/dcl" -DSOC_AM243X -g -Wall -Wno-gnu-variable-sized-type-not-at-end -Wno-unused-function -MMD -MP -MF"syscfg/ti_enet_open_close.d_raw" -MT"syscfg/ti_enet_open_close.o" -I"C:/CoRoot/##TASKS##/#TASK# TI_AM243x_LaunchPad_eFlex/ccs_singlewire_led_project/single_chip_servo_am243x-lp_r5fss0-0_nortos_ti-arm-clang/Release/syscfg"   -o"syscfg/ti_enet_open_close.o" "syscfg/ti_enet_open_close.c"
Finished building: "syscfg/ti_enet_open_close.c"
 
Arm Compiler - building file: "syscfg/ti_enet_soc.c"
"C:/ti/ti_cgt_arm_llvm_3.2.2.LTS/bin/tiarmclang.exe" -c -mcpu=cortex-r5 -mfloat-abi=hard -mfpu=vfpv3-d16 -mlittle-endian -mthumb -Os -I"C:/ti/ti_cgt_arm_llvm_3.2.2.LTS/include/c" -I"C:/ti/motor_control_sdk_am243x_09_02_00_12/mcu_plus_sdk/source" -I"C:/ti/motor_control_sdk_am243x_09_02_00_12/source" -I"C:/ti/motor_control_sdk_am243x_09_02_00_12/mcu_plus_sdk/source/drivers" -I"C:/ti/motor_control_sdk_am243x_09_02_00_12/mcu_plus_sdk/source/board" -I"C:/ti/motor_control_sdk_am243x_09_02_00_12/mcu_plus_sdk/source/cmsis/DSP/Include" -I"C:/ti/motor_control_sdk_am243x_09_02_00_12/mcu_plus_sdk/source/cmsis/Core/Include" -I"C:/ti/motor_control_sdk_am243x_09_02_00_12/source/current_sense/sdfm/firmware" -I"C:/ti/motor_control_sdk_am243x_09_02_00_12/source/current_sense/sdfm/include" -I"C:/ti/motor_control_sdk_am243x_09_02_00_12/source/position_sense/endat/firmware" -I"C:/ti/motor_control_sdk_am243x_09_02_00_12/source/position_sense/endat/include" -I"C:/ti/motor_control_sdk_am243x_09_02_00_12/source/transforms/clarke" -I"C:/ti/motor_control_sdk_am243x_09_02_00_12/source/transforms/ipark" -I"C:/ti/motor_control_sdk_am243x_09_02_00_12/source/transforms/park" -I"C:/ti/motor_control_sdk_am243x_09_02_00_12/source/transforms/svgen" -I"C:/ti/motor_control_sdk_am243x_09_02_00_12/source/dcl" -DSOC_AM243X -g -Wall -Wno-gnu-variable-sized-type-not-at-end -Wno-unused-function -MMD -MP -MF"syscfg/ti_enet_soc.d_raw" -MT"syscfg/ti_enet_soc.o" -I"C:/CoRoot/##TASKS##/#TASK# TI_AM243x_LaunchPad_eFlex/ccs_singlewire_led_project/single_chip_servo_am243x-lp_r5fss0-0_nortos_ti-arm-clang/Release/syscfg"   -o"syscfg/ti_enet_soc.o" "syscfg/ti_enet_soc.c"
Finished building: "syscfg/ti_enet_soc.c"
 
Arm Compiler - building file: "syscfg/ti_board_open_close.c"
"C:/ti/ti_cgt_arm_llvm_3.2.2.LTS/bin/tiarmclang.exe" -c -mcpu=cortex-r5 -mfloat-abi=hard -mfpu=vfpv3-d16 -mlittle-endian -mthumb -Os -I"C:/ti/ti_cgt_arm_llvm_3.2.2.LTS/include/c" -I"C:/ti/motor_control_sdk_am243x_09_02_00_12/mcu_plus_sdk/source" -I"C:/ti/motor_control_sdk_am243x_09_02_00_12/source" -I"C:/ti/motor_control_sdk_am243x_09_02_00_12/mcu_plus_sdk/source/drivers" -I"C:/ti/motor_control_sdk_am243x_09_02_00_12/mcu_plus_sdk/source/board" -I"C:/ti/motor_control_sdk_am243x_09_02_00_12/mcu_plus_sdk/source/cmsis/DSP/Include" -I"C:/ti/motor_control_sdk_am243x_09_02_00_12/mcu_plus_sdk/source/cmsis/Core/Include" -I"C:/ti/motor_control_sdk_am243x_09_02_00_12/source/current_sense/sdfm/firmware" -I"C:/ti/motor_control_sdk_am243x_09_02_00_12/source/current_sense/sdfm/include" -I"C:/ti/motor_control_sdk_am243x_09_02_00_12/source/position_sense/endat/firmware" -I"C:/ti/motor_control_sdk_am243x_09_02_00_12/source/position_sense/endat/include" -I"C:/ti/motor_control_sdk_am243x_09_02_00_12/source/transforms/clarke" -I"C:/ti/motor_control_sdk_am243x_09_02_00_12/source/transforms/ipark" -I"C:/ti/motor_control_sdk_am243x_09_02_00_12/source/transforms/park" -I"C:/ti/motor_control_sdk_am243x_09_02_00_12/source/transforms/svgen" -I"C:/ti/motor_control_sdk_am243x_09_02_00_12/source/dcl" -DSOC_AM243X -g -Wall -Wno-gnu-variable-sized-type-not-at-end -Wno-unused-function -MMD -MP -MF"syscfg/ti_board_open_close.d_raw" -MT"syscfg/ti_board_open_close.o" -I"C:/CoRoot/##TASKS##/#TASK# TI_AM243x_LaunchPad_eFlex/ccs_singlewire_led_project/single_chip_servo_am243x-lp_r5fss0-0_nortos_ti-arm-clang/Release/syscfg"   -o"syscfg/ti_board_open_close.o" "syscfg/ti_board_open_close.c"
Finished building: "syscfg/ti_board_open_close.c"
 
Arm Compiler - building file: "../main.c"
"C:/ti/ti_cgt_arm_llvm_3.2.2.LTS/bin/tiarmclang.exe" -c -mcpu=cortex-r5 -mfloat-abi=hard -mfpu=vfpv3-d16 -mlittle-endian -mthumb -Os -I"C:/ti/ti_cgt_arm_llvm_3.2.2.LTS/include/c" -I"C:/ti/motor_control_sdk_am243x_09_02_00_12/mcu_plus_sdk/source" -I"C:/ti/motor_control_sdk_am243x_09_02_00_12/source" -I"C:/ti/motor_control_sdk_am243x_09_02_00_12/mcu_plus_sdk/source/drivers" -I"C:/ti/motor_control_sdk_am243x_09_02_00_12/mcu_plus_sdk/source/board" -I"C:/ti/motor_control_sdk_am243x_09_02_00_12/mcu_plus_sdk/source/cmsis/DSP/Include" -I"C:/ti/motor_control_sdk_am243x_09_02_00_12/mcu_plus_sdk/source/cmsis/Core/Include" -I"C:/ti/motor_control_sdk_am243x_09_02_00_12/source/current_sense/sdfm/firmware" -I"C:/ti/motor_control_sdk_am243x_09_02_00_12/source/current_sense/sdfm/include" -I"C:/ti/motor_control_sdk_am243x_09_02_00_12/source/position_sense/endat/firmware" -I"C:/ti/motor_control_sdk_am243x_09_02_00_12/source/position_sense/endat/include" -I"C:/ti/motor_control_sdk_am243x_09_02_00_12/source/transforms/clarke" -I"C:/ti/motor_control_sdk_am243x_09_02_00_12/source/transforms/ipark" -I"C:/ti/motor_control_sdk_am243x_09_02_00_12/source/transforms/park" -I"C:/ti/motor_control_sdk_am243x_09_02_00_12/source/transforms/svgen" -I"C:/ti/motor_control_sdk_am243x_09_02_00_12/source/dcl" -DSOC_AM243X -g -Wall -Wno-gnu-variable-sized-type-not-at-end -Wno-unused-function -MMD -MP -MF"main.d_raw" -MT"main.o" -I"C:/CoRoot/##TASKS##/#TASK# TI_AM243x_LaunchPad_eFlex/ccs_singlewire_led_project/single_chip_servo_am243x-lp_r5fss0-0_nortos_ti-arm-clang/Release/syscfg"   -o"main.o" "../main.c"
Finished building: "../main.c"
 
Arm Compiler - building file: "syscfg/ti_board_config.c"
"C:/ti/ti_cgt_arm_llvm_3.2.2.LTS/bin/tiarmclang.exe" -c -mcpu=cortex-r5 -mfloat-abi=hard -mfpu=vfpv3-d16 -mlittle-endian -mthumb -Os -I"C:/ti/ti_cgt_arm_llvm_3.2.2.LTS/include/c" -I"C:/ti/motor_control_sdk_am243x_09_02_00_12/mcu_plus_sdk/source" -I"C:/ti/motor_control_sdk_am243x_09_02_00_12/source" -I"C:/ti/motor_control_sdk_am243x_09_02_00_12/mcu_plus_sdk/source/drivers" -I"C:/ti/motor_control_sdk_am243x_09_02_00_12/mcu_plus_sdk/source/board" -I"C:/ti/motor_control_sdk_am243x_09_02_00_12/mcu_plus_sdk/source/cmsis/DSP/Include" -I"C:/ti/motor_control_sdk_am243x_09_02_00_12/mcu_plus_sdk/source/cmsis/Core/Include" -I"C:/ti/motor_control_sdk_am243x_09_02_00_12/source/current_sense/sdfm/firmware" -I"C:/ti/motor_control_sdk_am243x_09_02_00_12/source/current_sense/sdfm/include" -I"C:/ti/motor_control_sdk_am243x_09_02_00_12/source/position_sense/endat/firmware" -I"C:/ti/motor_control_sdk_am243x_09_02_00_12/source/position_sense/endat/include" -I"C:/ti/motor_control_sdk_am243x_09_02_00_12/source/transforms/clarke" -I"C:/ti/motor_control_sdk_am243x_09_02_00_12/source/transforms/ipark" -I"C:/ti/motor_control_sdk_am243x_09_02_00_12/source/transforms/park" -I"C:/ti/motor_control_sdk_am243x_09_02_00_12/source/transforms/svgen" -I"C:/ti/motor_control_sdk_am243x_09_02_00_12/source/dcl" -DSOC_AM243X -g -Wall -Wno-gnu-variable-sized-type-not-at-end -Wno-unused-function -MMD -MP -MF"syscfg/ti_board_config.d_raw" -MT"syscfg/ti_board_config.o" -I"C:/CoRoot/##TASKS##/#TASK# TI_AM243x_LaunchPad_eFlex/ccs_singlewire_led_project/single_chip_servo_am243x-lp_r5fss0-0_nortos_ti-arm-clang/Release/syscfg"   -o"syscfg/ti_board_config.o" "syscfg/ti_board_config.c"
Finished building: "syscfg/ti_board_config.c"
 
Arm Compiler - building file: "syscfg/ti_enet_lwipif.c"
"C:/ti/ti_cgt_arm_llvm_3.2.2.LTS/bin/tiarmclang.exe" -c -mcpu=cortex-r5 -mfloat-abi=hard -mfpu=vfpv3-d16 -mlittle-endian -mthumb -Os -I"C:/ti/ti_cgt_arm_llvm_3.2.2.LTS/include/c" -I"C:/ti/motor_control_sdk_am243x_09_02_00_12/mcu_plus_sdk/source" -I"C:/ti/motor_control_sdk_am243x_09_02_00_12/source" -I"C:/ti/motor_control_sdk_am243x_09_02_00_12/mcu_plus_sdk/source/drivers" -I"C:/ti/motor_control_sdk_am243x_09_02_00_12/mcu_plus_sdk/source/board" -I"C:/ti/motor_control_sdk_am243x_09_02_00_12/mcu_plus_sdk/source/cmsis/DSP/Include" -I"C:/ti/motor_control_sdk_am243x_09_02_00_12/mcu_plus_sdk/source/cmsis/Core/Include" -I"C:/ti/motor_control_sdk_am243x_09_02_00_12/source/current_sense/sdfm/firmware" -I"C:/ti/motor_control_sdk_am243x_09_02_00_12/source/current_sense/sdfm/include" -I"C:/ti/motor_control_sdk_am243x_09_02_00_12/source/position_sense/endat/firmware" -I"C:/ti/motor_control_sdk_am243x_09_02_00_12/source/position_sense/endat/include" -I"C:/ti/motor_control_sdk_am243x_09_02_00_12/source/transforms/clarke" -I"C:/ti/motor_control_sdk_am243x_09_02_00_12/source/transforms/ipark" -I"C:/ti/motor_control_sdk_am243x_09_02_00_12/source/transforms/park" -I"C:/ti/motor_control_sdk_am243x_09_02_00_12/source/transforms/svgen" -I"C:/ti/motor_control_sdk_am243x_09_02_00_12/source/dcl" -DSOC_AM243X -g -Wall -Wno-gnu-variable-sized-type-not-at-end -Wno-unused-function -MMD -MP -MF"syscfg/ti_enet_lwipif.d_raw" -MT"syscfg/ti_enet_lwipif.o" -I"C:/CoRoot/##TASKS##/#TASK# TI_AM243x_LaunchPad_eFlex/ccs_singlewire_led_project/single_chip_servo_am243x-lp_r5fss0-0_nortos_ti-arm-clang/Release/syscfg"   -o"syscfg/ti_enet_lwipif.o" "syscfg/ti_enet_lwipif.c"
Finished building: "syscfg/ti_enet_lwipif.c"
 
Arm Compiler - building file: "../mclk_iep_sync.c"
"C:/ti/ti_cgt_arm_llvm_3.2.2.LTS/bin/tiarmclang.exe" -c -mcpu=cortex-r5 -mfloat-abi=hard -mfpu=vfpv3-d16 -mlittle-endian -mthumb -Os -I"C:/ti/ti_cgt_arm_llvm_3.2.2.LTS/include/c" -I"C:/ti/motor_control_sdk_am243x_09_02_00_12/mcu_plus_sdk/source" -I"C:/ti/motor_control_sdk_am243x_09_02_00_12/source" -I"C:/ti/motor_control_sdk_am243x_09_02_00_12/mcu_plus_sdk/source/drivers" -I"C:/ti/motor_control_sdk_am243x_09_02_00_12/mcu_plus_sdk/source/board" -I"C:/ti/motor_control_sdk_am243x_09_02_00_12/mcu_plus_sdk/source/cmsis/DSP/Include" -I"C:/ti/motor_control_sdk_am243x_09_02_00_12/mcu_plus_sdk/source/cmsis/Core/Include" -I"C:/ti/motor_control_sdk_am243x_09_02_00_12/source/current_sense/sdfm/firmware" -I"C:/ti/motor_control_sdk_am243x_09_02_00_12/source/current_sense/sdfm/include" -I"C:/ti/motor_control_sdk_am243x_09_02_00_12/source/position_sense/endat/firmware" -I"C:/ti/motor_control_sdk_am243x_09_02_00_12/source/position_sense/endat/include" -I"C:/ti/motor_control_sdk_am243x_09_02_00_12/source/transforms/clarke" -I"C:/ti/motor_control_sdk_am243x_09_02_00_12/source/transforms/ipark" -I"C:/ti/motor_control_sdk_am243x_09_02_00_12/source/transforms/park" -I"C:/ti/motor_control_sdk_am243x_09_02_00_12/source/transforms/svgen" -I"C:/ti/motor_control_sdk_am243x_09_02_00_12/source/dcl" -DSOC_AM243X -g -Wall -Wno-gnu-variable-sized-type-not-at-end -Wno-unused-function -MMD -MP -MF"mclk_iep_sync.d_raw" -MT"mclk_iep_sync.o" -I"C:/CoRoot/##TASKS##/#TASK# TI_AM243x_LaunchPad_eFlex/ccs_singlewire_led_project/single_chip_servo_am243x-lp_r5fss0-0_nortos_ti-arm-clang/Release/syscfg"   -o"mclk_iep_sync.o" "../mclk_iep_sync.c"
Finished building: "../mclk_iep_sync.c"
 
Arm Compiler - building file: "../pwm.c"
"C:/ti/ti_cgt_arm_llvm_3.2.2.LTS/bin/tiarmclang.exe" -c -mcpu=cortex-r5 -mfloat-abi=hard -mfpu=vfpv3-d16 -mlittle-endian -mthumb -Os -I"C:/ti/ti_cgt_arm_llvm_3.2.2.LTS/include/c" -I"C:/ti/motor_control_sdk_am243x_09_02_00_12/mcu_plus_sdk/source" -I"C:/ti/motor_control_sdk_am243x_09_02_00_12/source" -I"C:/ti/motor_control_sdk_am243x_09_02_00_12/mcu_plus_sdk/source/drivers" -I"C:/ti/motor_control_sdk_am243x_09_02_00_12/mcu_plus_sdk/source/board" -I"C:/ti/motor_control_sdk_am243x_09_02_00_12/mcu_plus_sdk/source/cmsis/DSP/Include" -I"C:/ti/motor_control_sdk_am243x_09_02_00_12/mcu_plus_sdk/source/cmsis/Core/Include" -I"C:/ti/motor_control_sdk_am243x_09_02_00_12/source/current_sense/sdfm/firmware" -I"C:/ti/motor_control_sdk_am243x_09_02_00_12/source/current_sense/sdfm/include" -I"C:/ti/motor_control_sdk_am243x_09_02_00_12/source/position_sense/endat/firmware" -I"C:/ti/motor_control_sdk_am243x_09_02_00_12/source/position_sense/endat/include" -I"C:/ti/motor_control_sdk_am243x_09_02_00_12/source/transforms/clarke" -I"C:/ti/motor_control_sdk_am243x_09_02_00_12/source/transforms/ipark" -I"C:/ti/motor_control_sdk_am243x_09_02_00_12/source/transforms/park" -I"C:/ti/motor_control_sdk_am243x_09_02_00_12/source/transforms/svgen" -I"C:/ti/motor_control_sdk_am243x_09_02_00_12/source/dcl" -DSOC_AM243X -g -Wall -Wno-gnu-variable-sized-type-not-at-end -Wno-unused-function -MMD -MP -MF"pwm.d_raw" -MT"pwm.o" -I"C:/CoRoot/##TASKS##/#TASK# TI_AM243x_LaunchPad_eFlex/ccs_singlewire_led_project/single_chip_servo_am243x-lp_r5fss0-0_nortos_ti-arm-clang/Release/syscfg"   -o"pwm.o" "../pwm.c"
Finished building: "../pwm.c"
 
Arm Compiler - building file: "../ti_r5fmath_trig.c"
"C:/ti/ti_cgt_arm_llvm_3.2.2.LTS/bin/tiarmclang.exe" -c -mcpu=cortex-r5 -mfloat-abi=hard -mfpu=vfpv3-d16 -mlittle-endian -mthumb -Os -I"C:/ti/ti_cgt_arm_llvm_3.2.2.LTS/include/c" -I"C:/ti/motor_control_sdk_am243x_09_02_00_12/mcu_plus_sdk/source" -I"C:/ti/motor_control_sdk_am243x_09_02_00_12/source" -I"C:/ti/motor_control_sdk_am243x_09_02_00_12/mcu_plus_sdk/source/drivers" -I"C:/ti/motor_control_sdk_am243x_09_02_00_12/mcu_plus_sdk/source/board" -I"C:/ti/motor_control_sdk_am243x_09_02_00_12/mcu_plus_sdk/source/cmsis/DSP/Include" -I"C:/ti/motor_control_sdk_am243x_09_02_00_12/mcu_plus_sdk/source/cmsis/Core/Include" -I"C:/ti/motor_control_sdk_am243x_09_02_00_12/source/current_sense/sdfm/firmware" -I"C:/ti/motor_control_sdk_am243x_09_02_00_12/source/current_sense/sdfm/include" -I"C:/ti/motor_control_sdk_am243x_09_02_00_12/source/position_sense/endat/firmware" -I"C:/ti/motor_control_sdk_am243x_09_02_00_12/source/position_sense/endat/include" -I"C:/ti/motor_control_sdk_am243x_09_02_00_12/source/transforms/clarke" -I"C:/ti/motor_control_sdk_am243x_09_02_00_12/source/transforms/ipark" -I"C:/ti/motor_control_sdk_am243x_09_02_00_12/source/transforms/park" -I"C:/ti/motor_control_sdk_am243x_09_02_00_12/source/transforms/svgen" -I"C:/ti/motor_control_sdk_am243x_09_02_00_12/source/dcl" -DSOC_AM243X -g -Wall -Wno-gnu-variable-sized-type-not-at-end -Wno-unused-function -MMD -MP -MF"ti_r5fmath_trig.d_raw" -MT"ti_r5fmath_trig.o" -I"C:/CoRoot/##TASKS##/#TASK# TI_AM243x_LaunchPad_eFlex/ccs_singlewire_led_project/single_chip_servo_am243x-lp_r5fss0-0_nortos_ti-arm-clang/Release/syscfg"   -o"ti_r5fmath_trig.o" "../ti_r5fmath_trig.c"
Finished building: "../ti_r5fmath_trig.c"
 
Arm Compiler - building file: "../sddf.c"
"C:/ti/ti_cgt_arm_llvm_3.2.2.LTS/bin/tiarmclang.exe" -c -mcpu=cortex-r5 -mfloat-abi=hard -mfpu=vfpv3-d16 -mlittle-endian -mthumb -Os -I"C:/ti/ti_cgt_arm_llvm_3.2.2.LTS/include/c" -I"C:/ti/motor_control_sdk_am243x_09_02_00_12/mcu_plus_sdk/source" -I"C:/ti/motor_control_sdk_am243x_09_02_00_12/source" -I"C:/ti/motor_control_sdk_am243x_09_02_00_12/mcu_plus_sdk/source/drivers" -I"C:/ti/motor_control_sdk_am243x_09_02_00_12/mcu_plus_sdk/source/board" -I"C:/ti/motor_control_sdk_am243x_09_02_00_12/mcu_plus_sdk/source/cmsis/DSP/Include" -I"C:/ti/motor_control_sdk_am243x_09_02_00_12/mcu_plus_sdk/source/cmsis/Core/Include" -I"C:/ti/motor_control_sdk_am243x_09_02_00_12/source/current_sense/sdfm/firmware" -I"C:/ti/motor_control_sdk_am243x_09_02_00_12/source/current_sense/sdfm/include" -I"C:/ti/motor_control_sdk_am243x_09_02_00_12/source/position_sense/endat/firmware" -I"C:/ti/motor_control_sdk_am243x_09_02_00_12/source/position_sense/endat/include" -I"C:/ti/motor_control_sdk_am243x_09_02_00_12/source/transforms/clarke" -I"C:/ti/motor_control_sdk_am243x_09_02_00_12/source/transforms/ipark" -I"C:/ti/motor_control_sdk_am243x_09_02_00_12/source/transforms/park" -I"C:/ti/motor_control_sdk_am243x_09_02_00_12/source/transforms/svgen" -I"C:/ti/motor_control_sdk_am243x_09_02_00_12/source/dcl" -DSOC_AM243X -g -Wall -Wno-gnu-variable-sized-type-not-at-end -Wno-unused-function -MMD -MP -MF"sddf.d_raw" -MT"sddf.o" -I"C:/CoRoot/##TASKS##/#TASK# TI_AM243x_LaunchPad_eFlex/ccs_singlewire_led_project/single_chip_servo_am243x-lp_r5fss0-0_nortos_ti-arm-clang/Release/syscfg"   -o"sddf.o" "../sddf.c"
Finished building: "../sddf.c"
 
Arm Compiler - building file: "../single_chip_servo.c"
"C:/ti/ti_cgt_arm_llvm_3.2.2.LTS/bin/tiarmclang.exe" -c -mcpu=cortex-r5 -mfloat-abi=hard -mfpu=vfpv3-d16 -mlittle-endian -mthumb -Os -I"C:/ti/ti_cgt_arm_llvm_3.2.2.LTS/include/c" -I"C:/ti/motor_control_sdk_am243x_09_02_00_12/mcu_plus_sdk/source" -I"C:/ti/motor_control_sdk_am243x_09_02_00_12/source" -I"C:/ti/motor_control_sdk_am243x_09_02_00_12/mcu_plus_sdk/source/drivers" -I"C:/ti/motor_control_sdk_am243x_09_02_00_12/mcu_plus_sdk/source/board" -I"C:/ti/motor_control_sdk_am243x_09_02_00_12/mcu_plus_sdk/source/cmsis/DSP/Include" -I"C:/ti/motor_control_sdk_am243x_09_02_00_12/mcu_plus_sdk/source/cmsis/Core/Include" -I"C:/ti/motor_control_sdk_am243x_09_02_00_12/source/current_sense/sdfm/firmware" -I"C:/ti/motor_control_sdk_am243x_09_02_00_12/source/current_sense/sdfm/include" -I"C:/ti/motor_control_sdk_am243x_09_02_00_12/source/position_sense/endat/firmware" -I"C:/ti/motor_control_sdk_am243x_09_02_00_12/source/position_sense/endat/include" -I"C:/ti/motor_control_sdk_am243x_09_02_00_12/source/transforms/clarke" -I"C:/ti/motor_control_sdk_am243x_09_02_00_12/source/transforms/ipark" -I"C:/ti/motor_control_sdk_am243x_09_02_00_12/source/transforms/park" -I"C:/ti/motor_control_sdk_am243x_09_02_00_12/source/transforms/svgen" -I"C:/ti/motor_control_sdk_am243x_09_02_00_12/source/dcl" -DSOC_AM243X -g -Wall -Wno-gnu-variable-sized-type-not-at-end -Wno-unused-function -MMD -MP -MF"single_chip_servo.d_raw" -MT"single_chip_servo.o" -I"C:/CoRoot/##TASKS##/#TASK# TI_AM243x_LaunchPad_eFlex/ccs_singlewire_led_project/single_chip_servo_am243x-lp_r5fss0-0_nortos_ti-arm-clang/Release/syscfg"   -o"single_chip_servo.o" "../single_chip_servo.c"
Finished building: "../single_chip_servo.c"
 
Arm Linker - building target: "single_chip_servo_am243x-lp_r5fss0-0_nortos_ti-arm-clang.out"
"C:/ti/ti_cgt_arm_llvm_3.2.2.LTS/bin/tiarmclang.exe" -mcpu=cortex-r5 -mfloat-abi=hard -mfpu=vfpv3-d16 -mlittle-endian -mthumb -Os -DSOC_AM243X -g -Wall -Wno-gnu-variable-sized-type-not-at-end -Wno-unused-function -Wl,-m"single_chip_servo.Release.map" -Wl,-i"C:/ti/ti_cgt_arm_llvm_3.2.2.LTS/lib" -Wl,-i"C:/ti/motor_control_sdk_am243x_09_02_00_12/mcu_plus_sdk/source/kernel/nortos/lib" -Wl,-i"C:/ti/motor_control_sdk_am243x_09_02_00_12/mcu_plus_sdk/source/drivers/lib" -Wl,-i"C:/ti/motor_control_sdk_am243x_09_02_00_12/mcu_plus_sdk/source/board/lib" -Wl,-i"C:/ti/motor_control_sdk_am243x_09_02_00_12/source/position_sense/endat/lib" -Wl,-i"C:/ti/motor_control_sdk_am243x_09_02_00_12/source/current_sense/sdfm/lib" -Wl,-i"C:/ti/motor_control_sdk_am243x_09_02_00_12/mcu_plus_sdk/source/cmsis/lib" -Wl,--reread_libs -Wl,--diag_suppress=10063 -Wl,--diag_wrap=off -Wl,--display_error_number -Wl,--warn_sections -Wl,--xml_link_info="single_chip_servo_am243x-lp_r5fss0-0_nortos_ti-arm-clang_linkInfo.xml" -Wl,--ram_model -o "single_chip_servo_am243x-lp_r5fss0-0_nortos_ti-arm-clang.out" "./endat_periodic_trigger.o" "./epwm_drv_aux.o" "./syscfg/ti_dpl_config.o" "./syscfg/ti_drivers_config.o" "./syscfg/ti_drivers_open_close.o" "./syscfg/ti_pinmux_config.o" "./syscfg/ti_power_clock_config.o" "./syscfg/ti_board_config.o" "./syscfg/ti_board_open_close.o" "./syscfg/ti_enet_config.o" "./syscfg/ti_enet_open_close.o" "./syscfg/ti_enet_soc.o" "./syscfg/ti_enet_lwipif.o" "./main.o" "./mclk_iep_sync.o" "./pwm.o" "./sddf.o" "./single_chip_servo.o" "./ti_r5fmath_trig.o" -Wl,-l"syscfg/linker.cmd"  -Wl,-llibc.a -Wl,-lnortos.am243x.r5f.ti-arm-clang.release.lib -Wl,-ldrivers.am243x.r5f.ti-arm-clang.release.lib -Wl,-lboard.am243x.r5f.ti-arm-clang.release.lib -Wl,-lmotorcontrol_sdfm.am243x.r5f.ti-arm-clang.release.lib -Wl,-lmotorcontrol_endat.am243x.r5f.ti-arm-clang.release.lib -Wl,-lcmsis.am243x.r5f.ti-arm-clang.release.lib -Wl,-llibsysbm.a 
Finished building target: "single_chip_servo_am243x-lp_r5fss0-0_nortos_ti-arm-clang.out"
 
C:/ti/ccs2050/ccs/utils/bin/gmake -C C:\CoRoot\##TASKS##\#TASK# TI_AM243x_LaunchPad_eFlex\ccs_singlewire_led_project\single_chip_servo_am243x-lp_r5fss0-0_nortos_ti-arm-clang -f makefile_ccs_bootimage_gen OUTNAME=single_chip_servo_am243x-lp_r5fss0-0_nortos_ti-arm-clang PROFILE=Release MOTOR_CONTROL_SDK_PATH=C:/ti/motor_control_sdk_am243x_09_02_00_12 CG_TOOL_ROOT=C:/ti/ti_cgt_arm_llvm_3.2.2.LTS CCS_INSTALL_DIR=C:\ti\ccs2050\ccs\ CCS_IDE_MODE=desktop DEVICE=am243x
gmake[2]: [makefile:168: post-build] Error 2 (ignored)
 
**** Build finished ****


**** Clean-only build of configuration 'Release' for project 'single_chip_servo_am243x-lp_r5fss0-1_nortos_ti-arm-clang' ****

"C:\\ti\\ccs2050\\ccs\\utils\\bin\\gmake" -k -j 20 clean -r -O 
 
**** Build finished ****


**** Build of configuration 'Release' for project 'single_chip_servo_am243x-lp_r5fss0-1_nortos_ti-arm-clang' ****

"C:\\ti\\ccs2050\\ccs\\utils\\bin\\gmake" -k -j 20 all -r -O 
 
SysConfig - building file: "../example.syscfg"
"C:/ti/sysconfig_1.20.0/sysconfig_cli.bat" -s "C:/ti/motor_control_sdk_am243x_09_02_00_12/.metadata/product.json" -p "ALX" -r "ALX" --script "C:/CoRoot/##TASKS##/#TASK# TI_AM243x_LaunchPad_eFlex/ccs_singlewire_led_project/single_chip_servo_am243x-lp_r5fss0-0_nortos_ti-arm-clang/example.syscfg" --context "r5fss0-0" --script "C:/CoRoot/##TASKS##/#TASK# TI_AM243x_LaunchPad_eFlex/ccs_singlewire_led_project/single_chip_servo_am243x-lp_r5fss1-0_freertos_ti-arm-clang/example.syscfg" --context "r5fss1-0" --script "C:/CoRoot/##TASKS##/#TASK# TI_AM243x_LaunchPad_eFlex/ccs_singlewire_led_project/single_chip_servo_am243x-lp_r5fss0-1_nortos_ti-arm-clang/example.syscfg" --context "r5fss0-1" -o "syscfg" --compiler ticlang
Running script...
Validating...
info: r5fss0-0 CONFIG_MPU_REGION0(/kernel/dpl/mpu_armv7) attributes: Some memory region(s) within this range is Shared among cores. 
info: r5fss0-0 CONFIG_MPU_REGION0(/kernel/dpl/mpu_armv7) $name: This MPU region includes other cores' memory regions as well. Pl. make sure what you configure.
info: r5fss0-0 CONFIG_MPU_REGION1(/kernel/dpl/mpu_armv7) attributes: Some memory region(s) within this range is Shared among cores. 
info: r5fss0-0 CONFIG_MPU_REGION1(/kernel/dpl/mpu_armv7) $name: This MPU region includes other cores' memory regions as well. Pl. make sure what you configure.
info: r5fss0-0 CONFIG_MPU_REGION2(/kernel/dpl/mpu_armv7) attributes: Some memory region(s) within this range is Shared among cores. 
info: r5fss0-0 CONFIG_MPU_REGION2(/kernel/dpl/mpu_armv7) $name: This MPU region includes other cores' memory regions as well. Pl. make sure what you configure.
info: r5fss0-0 CONFIG_MPU_REGION3(/kernel/dpl/mpu_armv7) attributes: Some memory region(s) within this range is Shared among cores. 
info: r5fss0-0 CONFIG_MPU_REGION3(/kernel/dpl/mpu_armv7) $name: This MPU region includes other cores' memory regions as well. Pl. make sure what you configure.
info: r5fss0-0 CONFIG_MPU_REGION4(/kernel/dpl/mpu_armv7) attributes: Some memory region(s) within this range is Shared among cores. 
info: r5fss0-0 CONFIG_MPU_REGION4(/kernel/dpl/mpu_armv7) $name: This MPU region includes other cores' memory regions as well. Pl. make sure what you configure.
info: r5fss0-0 CONFIG_MPU_REGION5_GPIO(/kernel/dpl/mpu_armv7) attributes: Some memory region(s) within this range is Shared among cores. 
info: r5fss0-0 CONFIG_MPU_REGION5_GPIO(/kernel/dpl/mpu_armv7) $name: This MPU region includes other cores' memory regions as well. Pl. make sure what you configure.
info: r5fss0-0 CONFIG_MPU_REGION6_ICSSG0(/kernel/dpl/mpu_armv7) attributes: Some memory region(s) within this range is Shared among cores. 
info: r5fss0-0 CONFIG_MPU_REGION6_ICSSG0(/kernel/dpl/mpu_armv7) $name: This MPU region includes other cores' memory regions as well. Pl. make sure what you configure.
info: r5fss0-0 CONFIG_MPU_REGION7_PWMs0_8(/kernel/dpl/mpu_armv7) attributes: Some memory region(s) within this range is Shared among cores. 
info: r5fss0-0 CONFIG_MPU_REGION7_PWMs0_8(/kernel/dpl/mpu_armv7) $name: This MPU region includes other cores' memory regions as well. Pl. make sure what you configure.
info: r5fss0-0 CONFIG_MPU_REGION8_PWM9(/kernel/dpl/mpu_armv7) attributes: Some memory region(s) within this range is Shared among cores. 
info: r5fss0-0 CONFIG_MPU_REGION8_PWM9(/kernel/dpl/mpu_armv7) $name: This MPU region includes other cores' memory regions as well. Pl. make sure what you configure.
info: r5fss0-0 CONFIG_MPU_REGION9_OTHER_R5F_TCMB(/kernel/dpl/mpu_armv7) attributes: Some memory region(s) within this range is Shared among cores. 
info: r5fss0-0 CONFIG_MPU_REGION9_OTHER_R5F_TCMB(/kernel/dpl/mpu_armv7) $name: This MPU region includes other cores' memory regions as well. Pl. make sure what you configure.
info: r5fss0-0 CONFIG_MPU_MSRAM_CTRLVARS(/kernel/dpl/mpu_armv7) attributes: Some memory region(s) within this range is Shared among cores. 
info: r5fss0-0 CONFIG_MPU_MSRAM_CTRLVARS(/kernel/dpl/mpu_armv7) $name: This MPU region includes other cores' memory regions as well. Pl. make sure what you configure.
info: r5fss0-0 CONFIG_MPU_MSRAM_NOCACHE(/kernel/dpl/mpu_armv7) attributes: Some memory region(s) within this range is Shared among cores. 
info: r5fss0-0 CONFIG_MPU_MSRAM_NOCACHE(/kernel/dpl/mpu_armv7) $name: This MPU region includes other cores' memory regions as well. Pl. make sure what you configure.
info: r5fss0-0 CONFIG_MPU_MSRAM_NOCACHE0(/kernel/dpl/mpu_armv7) attributes: Some memory region(s) within this range is Shared among cores. 
info: r5fss0-0 CONFIG_MPU_MSRAM_NOCACHE0(/kernel/dpl/mpu_armv7) $name: This MPU region includes other cores' memory regions as well. Pl. make sure what you configure.
info: r5fss0-1 CONFIG_MPU_REGION0(/kernel/dpl/mpu_armv7) attributes: Some memory region(s) within this range is Shared among cores. 
info: r5fss0-1 CONFIG_MPU_REGION0(/kernel/dpl/mpu_armv7) $name: This MPU region includes other cores' memory regions as well. Pl. make sure what you configure.
info: r5fss0-1 CONFIG_MPU_REGION1(/kernel/dpl/mpu_armv7) attributes: Some memory region(s) within this range is Shared among cores. 
info: r5fss0-1 CONFIG_MPU_REGION1(/kernel/dpl/mpu_armv7) $name: This MPU region includes other cores' memory regions as well. Pl. make sure what you configure.
info: r5fss0-1 CONFIG_MPU_REGION2(/kernel/dpl/mpu_armv7) attributes: Some memory region(s) within this range is Shared among cores. 
info: r5fss0-1 CONFIG_MPU_REGION2(/kernel/dpl/mpu_armv7) $name: This MPU region includes other cores' memory regions as well. Pl. make sure what you configure.
info: r5fss0-1 CONFIG_MPU_REGION3(/kernel/dpl/mpu_armv7) attributes: Some memory region(s) within this range is Shared among cores. 
info: r5fss0-1 CONFIG_MPU_REGION3(/kernel/dpl/mpu_armv7) $name: This MPU region includes other cores' memory regions as well. Pl. make sure what you configure.
info: r5fss0-1 CONFIG_MPU_REGION4(/kernel/dpl/mpu_armv7) attributes: Some memory region(s) within this range is Shared among cores. 
info: r5fss0-1 CONFIG_MPU_REGION4(/kernel/dpl/mpu_armv7) $name: This MPU region includes other cores' memory regions as well. Pl. make sure what you configure.
info: r5fss0-1 CONFIG_MPU_REGION5_GPIO(/kernel/dpl/mpu_armv7) attributes: Some memory region(s) within this range is Shared among cores. 
info: r5fss0-1 CONFIG_MPU_REGION5_GPIO(/kernel/dpl/mpu_armv7) $name: This MPU region includes other cores' memory regions as well. Pl. make sure what you configure.
info: r5fss0-1 CONFIG_MPU_REGION6_ICSSG0(/kernel/dpl/mpu_armv7) attributes: Some memory region(s) within this range is Shared among cores. 
info: r5fss0-1 CONFIG_MPU_REGION6_ICSSG0(/kernel/dpl/mpu_armv7) $name: This MPU region includes other cores' memory regions as well. Pl. make sure what you configure.
info: r5fss0-1 CONFIG_MPU_REGION7_PWMs0_8(/kernel/dpl/mpu_armv7) attributes: Some memory region(s) within this range is Shared among cores. 
info: r5fss0-1 CONFIG_MPU_REGION7_PWMs0_8(/kernel/dpl/mpu_armv7) $name: This MPU region includes other cores' memory regions as well. Pl. make sure what you configure.
info: r5fss0-1 CONFIG_MPU_REGION8_PWM9(/kernel/dpl/mpu_armv7) attributes: Some memory region(s) within this range is Shared among cores. 
info: r5fss0-1 CONFIG_MPU_REGION8_PWM9(/kernel/dpl/mpu_armv7) $name: This MPU region includes other cores' memory regions as well. Pl. make sure what you configure.
info: r5fss0-1 CONFIG_MPU_REGION9_OTHER_R5F_TCMB(/kernel/dpl/mpu_armv7) attributes: Some memory region(s) within this range is Shared among cores. 
info: r5fss0-1 CONFIG_MPU_REGION9_OTHER_R5F_TCMB(/kernel/dpl/mpu_armv7) $name: This MPU region includes other cores' memory regions as well. Pl. make sure what you configure.
info: r5fss0-1 CONFIG_MPU_MSRAM_CTRLVARS(/kernel/dpl/mpu_armv7) attributes: Some memory region(s) within this range is Shared among cores. 
info: r5fss0-1 CONFIG_MPU_MSRAM_CTRLVARS(/kernel/dpl/mpu_armv7) $name: This MPU region includes other cores' memory regions as well. Pl. make sure what you configure.
info: r5fss0-1 CONFIG_MPU_MSRAM_NOCACHE(/kernel/dpl/mpu_armv7) attributes: Some memory region(s) within this range is Shared among cores. 
info: r5fss0-1 CONFIG_MPU_MSRAM_NOCACHE(/kernel/dpl/mpu_armv7) $name: This MPU region includes other cores' memory regions as well. Pl. make sure what you configure.
info: r5fss0-1 CONFIG_MPU_MSRAM_NOCACHE0(/kernel/dpl/mpu_armv7) attributes: Some memory region(s) within this range is Shared among cores. 
info: r5fss0-1 CONFIG_MPU_MSRAM_NOCACHE0(/kernel/dpl/mpu_armv7) $name: This MPU region includes other cores' memory regions as well. Pl. make sure what you configure.
info: r5fss1-0 CONFIG_UART_CONSOLE(/drivers/uart/uart) baudRate: Actual Baudrate Possible: 115385 (0 % error)
info: r5fss1-0 CONFIG_MPU_REGION0(/kernel/dpl/mpu_armv7) attributes: Some memory region(s) within this range is Shared among cores. 
info: r5fss1-0 CONFIG_MPU_REGION0(/kernel/dpl/mpu_armv7) $name: This MPU region includes other cores' memory regions as well. Pl. make sure what you configure.
info: r5fss1-0 CONFIG_MPU_REGION1(/kernel/dpl/mpu_armv7) attributes: Some memory region(s) within this range is Shared among cores. 
info: r5fss1-0 CONFIG_MPU_REGION1(/kernel/dpl/mpu_armv7) $name: This MPU region includes other cores' memory regions as well. Pl. make sure what you configure.
info: r5fss1-0 CONFIG_MPU_REGION2(/kernel/dpl/mpu_armv7) attributes: Some memory region(s) within this range is Shared among cores. 
info: r5fss1-0 CONFIG_MPU_REGION2(/kernel/dpl/mpu_armv7) $name: This MPU region includes other cores' memory regions as well. Pl. make sure what you configure.
info: r5fss1-0 CONFIG_MPU_REGION3(/kernel/dpl/mpu_armv7) attributes: Some memory region(s) within this range is Shared among cores. 
info: r5fss1-0 CONFIG_MPU_REGION3(/kernel/dpl/mpu_armv7) $name: This MPU region includes other cores' memory regions as well. Pl. make sure what you configure.
info: r5fss1-0 CONFIG_MPU_MSRAM_NOCACHE0(/kernel/dpl/mpu_armv7) attributes: Some memory region(s) within this range is Shared among cores. 
info: r5fss1-0 CONFIG_MPU_MSRAM_NOCACHE0(/kernel/dpl/mpu_armv7) $name: This MPU region includes other cores' memory regions as well. Pl. make sure what you configure.
info: r5fss1-0 CONFIG_MPU_MSRAM_NOCACHE1(/kernel/dpl/mpu_armv7) attributes: Some memory region(s) within this range is Shared among cores. 
info: r5fss1-0 CONFIG_MPU_MSRAM_NOCACHE1(/kernel/dpl/mpu_armv7) $name: This MPU region includes other cores' memory regions as well. Pl. make sure what you configure.
Generating Code (example.syscfg)...
Writing C:\CoRoot\##TASKS##\#TASK# TI_AM243x_LaunchPad_eFlex\ccs_singlewire_led_project\single_chip_servo_am243x-lp_r5fss0-1_nortos_ti-arm-clang\Release\syscfg\ti_dpl_config.c...
Writing C:\CoRoot\##TASKS##\#TASK# TI_AM243x_LaunchPad_eFlex\ccs_singlewire_led_project\single_chip_servo_am243x-lp_r5fss0-1_nortos_ti-arm-clang\Release\syscfg\ti_dpl_config.h...
Writing C:\CoRoot\##TASKS##\#TASK# TI_AM243x_LaunchPad_eFlex\ccs_singlewire_led_project\single_chip_servo_am243x-lp_r5fss0-1_nortos_ti-arm-clang\Release\syscfg\ti_drivers_config.c...
Writing C:\CoRoot\##TASKS##\#TASK# TI_AM243x_LaunchPad_eFlex\ccs_singlewire_led_project\single_chip_servo_am243x-lp_r5fss0-1_nortos_ti-arm-clang\Release\syscfg\ti_drivers_config.h...
Writing C:\CoRoot\##TASKS##\#TASK# TI_AM243x_LaunchPad_eFlex\ccs_singlewire_led_project\single_chip_servo_am243x-lp_r5fss0-1_nortos_ti-arm-clang\Release\syscfg\ti_drivers_open_close.c...
Writing C:\CoRoot\##TASKS##\#TASK# TI_AM243x_LaunchPad_eFlex\ccs_singlewire_led_project\single_chip_servo_am243x-lp_r5fss0-1_nortos_ti-arm-clang\Release\syscfg\ti_drivers_open_close.h...
Writing C:\CoRoot\##TASKS##\#TASK# TI_AM243x_LaunchPad_eFlex\ccs_singlewire_led_project\single_chip_servo_am243x-lp_r5fss0-1_nortos_ti-arm-clang\Release\syscfg\ti_pinmux_config.c...
Writing C:\CoRoot\##TASKS##\#TASK# TI_AM243x_LaunchPad_eFlex\ccs_singlewire_led_project\single_chip_servo_am243x-lp_r5fss0-1_nortos_ti-arm-clang\Release\syscfg\ti_power_clock_config.c...
Writing C:\CoRoot\##TASKS##\#TASK# TI_AM243x_LaunchPad_eFlex\ccs_singlewire_led_project\single_chip_servo_am243x-lp_r5fss0-1_nortos_ti-arm-clang\Release\syscfg\ti_board_config.c...
Writing C:\CoRoot\##TASKS##\#TASK# TI_AM243x_LaunchPad_eFlex\ccs_singlewire_led_project\single_chip_servo_am243x-lp_r5fss0-1_nortos_ti-arm-clang\Release\syscfg\ti_board_config.h...
Writing C:\CoRoot\##TASKS##\#TASK# TI_AM243x_LaunchPad_eFlex\ccs_singlewire_led_project\single_chip_servo_am243x-lp_r5fss0-1_nortos_ti-arm-clang\Release\syscfg\ti_board_open_close.c...
Writing C:\CoRoot\##TASKS##\#TASK# TI_AM243x_LaunchPad_eFlex\ccs_singlewire_led_project\single_chip_servo_am243x-lp_r5fss0-1_nortos_ti-arm-clang\Release\syscfg\ti_board_open_close.h...
Writing C:\CoRoot\##TASKS##\#TASK# TI_AM243x_LaunchPad_eFlex\ccs_singlewire_led_project\single_chip_servo_am243x-lp_r5fss0-1_nortos_ti-arm-clang\Release\syscfg\ti_enet_config.c...
Writing C:\CoRoot\##TASKS##\#TASK# TI_AM243x_LaunchPad_eFlex\ccs_singlewire_led_project\single_chip_servo_am243x-lp_r5fss0-1_nortos_ti-arm-clang\Release\syscfg\ti_enet_config.h...
Writing C:\CoRoot\##TASKS##\#TASK# TI_AM243x_LaunchPad_eFlex\ccs_singlewire_led_project\single_chip_servo_am243x-lp_r5fss0-1_nortos_ti-arm-clang\Release\syscfg\ti_enet_open_close.c...
Writing C:\CoRoot\##TASKS##\#TASK# TI_AM243x_LaunchPad_eFlex\ccs_singlewire_led_project\single_chip_servo_am243x-lp_r5fss0-1_nortos_ti-arm-clang\Release\syscfg\ti_enet_open_close.h...
Writing C:\CoRoot\##TASKS##\#TASK# TI_AM243x_LaunchPad_eFlex\ccs_singlewire_led_project\single_chip_servo_am243x-lp_r5fss0-1_nortos_ti-arm-clang\Release\syscfg\ti_enet_soc.c...
Writing C:\CoRoot\##TASKS##\#TASK# TI_AM243x_LaunchPad_eFlex\ccs_singlewire_led_project\single_chip_servo_am243x-lp_r5fss0-1_nortos_ti-arm-clang\Release\syscfg\ti_enet_lwipif.c...
Writing C:\CoRoot\##TASKS##\#TASK# TI_AM243x_LaunchPad_eFlex\ccs_singlewire_led_project\single_chip_servo_am243x-lp_r5fss0-1_nortos_ti-arm-clang\Release\syscfg\ti_enet_lwipif.h...
Writing C:\CoRoot\##TASKS##\#TASK# TI_AM243x_LaunchPad_eFlex\ccs_singlewire_led_project\single_chip_servo_am243x-lp_r5fss0-1_nortos_ti-arm-clang\Release\syscfg\ti_pru_io_config.inc...
Writing C:\CoRoot\##TASKS##\#TASK# TI_AM243x_LaunchPad_eFlex\ccs_singlewire_led_project\single_chip_servo_am243x-lp_r5fss0-1_nortos_ti-arm-clang\Release\syscfg\linker.cmd...
Writing C:\CoRoot\##TASKS##\#TASK# TI_AM243x_LaunchPad_eFlex\ccs_singlewire_led_project\single_chip_servo_am243x-lp_r5fss0-1_nortos_ti-arm-clang\Release\syscfg\linker_defines.h...
Finished building: "../example.syscfg"
 
Arm Compiler - building file: "../epwm_drv_aux.c"
"C:/ti/ti_cgt_arm_llvm_3.2.2.LTS/bin/tiarmclang.exe" -c -mcpu=cortex-r5 -mfloat-abi=hard -mfpu=vfpv3-d16 -mlittle-endian -mthumb -Os -I"C:/ti/ti_cgt_arm_llvm_3.2.2.LTS/include/c" -I"C:/ti/motor_control_sdk_am243x_09_02_00_12/mcu_plus_sdk/source" -I"C:/ti/motor_control_sdk_am243x_09_02_00_12/source" -I"C:/ti/motor_control_sdk_am243x_09_02_00_12/mcu_plus_sdk/source/drivers" -I"C:/ti/motor_control_sdk_am243x_09_02_00_12/mcu_plus_sdk/source/board" -I"C:/ti/motor_control_sdk_am243x_09_02_00_12/mcu_plus_sdk/source/cmsis/DSP/Include" -I"C:/ti/motor_control_sdk_am243x_09_02_00_12/mcu_plus_sdk/source/cmsis/Core/Include" -I"C:/ti/motor_control_sdk_am243x_09_02_00_12/source/current_sense/sdfm/firmware" -I"C:/ti/motor_control_sdk_am243x_09_02_00_12/source/current_sense/sdfm/include" -I"C:/ti/motor_control_sdk_am243x_09_02_00_12/source/position_sense/endat/firmware" -I"C:/ti/motor_control_sdk_am243x_09_02_00_12/source/position_sense/endat/include" -I"C:/ti/motor_control_sdk_am243x_09_02_00_12/source/transforms/clarke" -I"C:/ti/motor_control_sdk_am243x_09_02_00_12/source/transforms/ipark" -I"C:/ti/motor_control_sdk_am243x_09_02_00_12/source/transforms/park" -I"C:/ti/motor_control_sdk_am243x_09_02_00_12/source/transforms/svgen" -I"C:/ti/motor_control_sdk_am243x_09_02_00_12/source/dcl" -DSOC_AM243X -g -Wall -Wno-gnu-variable-sized-type-not-at-end -Wno-unused-function -MMD -MP -MF"epwm_drv_aux.d_raw" -MT"epwm_drv_aux.o" -I"C:/CoRoot/##TASKS##/#TASK# TI_AM243x_LaunchPad_eFlex/ccs_singlewire_led_project/single_chip_servo_am243x-lp_r5fss0-1_nortos_ti-arm-clang/Release/syscfg"   -o"epwm_drv_aux.o" "../epwm_drv_aux.c"
Finished building: "../epwm_drv_aux.c"
 
Arm Compiler - building file: "syscfg/ti_dpl_config.c"
"C:/ti/ti_cgt_arm_llvm_3.2.2.LTS/bin/tiarmclang.exe" -c -mcpu=cortex-r5 -mfloat-abi=hard -mfpu=vfpv3-d16 -mlittle-endian -mthumb -Os -I"C:/ti/ti_cgt_arm_llvm_3.2.2.LTS/include/c" -I"C:/ti/motor_control_sdk_am243x_09_02_00_12/mcu_plus_sdk/source" -I"C:/ti/motor_control_sdk_am243x_09_02_00_12/source" -I"C:/ti/motor_control_sdk_am243x_09_02_00_12/mcu_plus_sdk/source/drivers" -I"C:/ti/motor_control_sdk_am243x_09_02_00_12/mcu_plus_sdk/source/board" -I"C:/ti/motor_control_sdk_am243x_09_02_00_12/mcu_plus_sdk/source/cmsis/DSP/Include" -I"C:/ti/motor_control_sdk_am243x_09_02_00_12/mcu_plus_sdk/source/cmsis/Core/Include" -I"C:/ti/motor_control_sdk_am243x_09_02_00_12/source/current_sense/sdfm/firmware" -I"C:/ti/motor_control_sdk_am243x_09_02_00_12/source/current_sense/sdfm/include" -I"C:/ti/motor_control_sdk_am243x_09_02_00_12/source/position_sense/endat/firmware" -I"C:/ti/motor_control_sdk_am243x_09_02_00_12/source/position_sense/endat/include" -I"C:/ti/motor_control_sdk_am243x_09_02_00_12/source/transforms/clarke" -I"C:/ti/motor_control_sdk_am243x_09_02_00_12/source/transforms/ipark" -I"C:/ti/motor_control_sdk_am243x_09_02_00_12/source/transforms/park" -I"C:/ti/motor_control_sdk_am243x_09_02_00_12/source/transforms/svgen" -I"C:/ti/motor_control_sdk_am243x_09_02_00_12/source/dcl" -DSOC_AM243X -g -Wall -Wno-gnu-variable-sized-type-not-at-end -Wno-unused-function -MMD -MP -MF"syscfg/ti_dpl_config.d_raw" -MT"syscfg/ti_dpl_config.o" -I"C:/CoRoot/##TASKS##/#TASK# TI_AM243x_LaunchPad_eFlex/ccs_singlewire_led_project/single_chip_servo_am243x-lp_r5fss0-1_nortos_ti-arm-clang/Release/syscfg"   -o"syscfg/ti_dpl_config.o" "syscfg/ti_dpl_config.c"
Finished building: "syscfg/ti_dpl_config.c"
 
Arm Compiler - building file: "syscfg/ti_drivers_config.c"
"C:/ti/ti_cgt_arm_llvm_3.2.2.LTS/bin/tiarmclang.exe" -c -mcpu=cortex-r5 -mfloat-abi=hard -mfpu=vfpv3-d16 -mlittle-endian -mthumb -Os -I"C:/ti/ti_cgt_arm_llvm_3.2.2.LTS/include/c" -I"C:/ti/motor_control_sdk_am243x_09_02_00_12/mcu_plus_sdk/source" -I"C:/ti/motor_control_sdk_am243x_09_02_00_12/source" -I"C:/ti/motor_control_sdk_am243x_09_02_00_12/mcu_plus_sdk/source/drivers" -I"C:/ti/motor_control_sdk_am243x_09_02_00_12/mcu_plus_sdk/source/board" -I"C:/ti/motor_control_sdk_am243x_09_02_00_12/mcu_plus_sdk/source/cmsis/DSP/Include" -I"C:/ti/motor_control_sdk_am243x_09_02_00_12/mcu_plus_sdk/source/cmsis/Core/Include" -I"C:/ti/motor_control_sdk_am243x_09_02_00_12/source/current_sense/sdfm/firmware" -I"C:/ti/motor_control_sdk_am243x_09_02_00_12/source/current_sense/sdfm/include" -I"C:/ti/motor_control_sdk_am243x_09_02_00_12/source/position_sense/endat/firmware" -I"C:/ti/motor_control_sdk_am243x_09_02_00_12/source/position_sense/endat/include" -I"C:/ti/motor_control_sdk_am243x_09_02_00_12/source/transforms/clarke" -I"C:/ti/motor_control_sdk_am243x_09_02_00_12/source/transforms/ipark" -I"C:/ti/motor_control_sdk_am243x_09_02_00_12/source/transforms/park" -I"C:/ti/motor_control_sdk_am243x_09_02_00_12/source/transforms/svgen" -I"C:/ti/motor_control_sdk_am243x_09_02_00_12/source/dcl" -DSOC_AM243X -g -Wall -Wno-gnu-variable-sized-type-not-at-end -Wno-unused-function -MMD -MP -MF"syscfg/ti_drivers_config.d_raw" -MT"syscfg/ti_drivers_config.o" -I"C:/CoRoot/##TASKS##/#TASK# TI_AM243x_LaunchPad_eFlex/ccs_singlewire_led_project/single_chip_servo_am243x-lp_r5fss0-1_nortos_ti-arm-clang/Release/syscfg"   -o"syscfg/ti_drivers_config.o" "syscfg/ti_drivers_config.c"
Finished building: "syscfg/ti_drivers_config.c"
 
Arm Compiler - building file: "syscfg/ti_drivers_open_close.c"
"C:/ti/ti_cgt_arm_llvm_3.2.2.LTS/bin/tiarmclang.exe" -c -mcpu=cortex-r5 -mfloat-abi=hard -mfpu=vfpv3-d16 -mlittle-endian -mthumb -Os -I"C:/ti/ti_cgt_arm_llvm_3.2.2.LTS/include/c" -I"C:/ti/motor_control_sdk_am243x_09_02_00_12/mcu_plus_sdk/source" -I"C:/ti/motor_control_sdk_am243x_09_02_00_12/source" -I"C:/ti/motor_control_sdk_am243x_09_02_00_12/mcu_plus_sdk/source/drivers" -I"C:/ti/motor_control_sdk_am243x_09_02_00_12/mcu_plus_sdk/source/board" -I"C:/ti/motor_control_sdk_am243x_09_02_00_12/mcu_plus_sdk/source/cmsis/DSP/Include" -I"C:/ti/motor_control_sdk_am243x_09_02_00_12/mcu_plus_sdk/source/cmsis/Core/Include" -I"C:/ti/motor_control_sdk_am243x_09_02_00_12/source/current_sense/sdfm/firmware" -I"C:/ti/motor_control_sdk_am243x_09_02_00_12/source/current_sense/sdfm/include" -I"C:/ti/motor_control_sdk_am243x_09_02_00_12/source/position_sense/endat/firmware" -I"C:/ti/motor_control_sdk_am243x_09_02_00_12/source/position_sense/endat/include" -I"C:/ti/motor_control_sdk_am243x_09_02_00_12/source/transforms/clarke" -I"C:/ti/motor_control_sdk_am243x_09_02_00_12/source/transforms/ipark" -I"C:/ti/motor_control_sdk_am243x_09_02_00_12/source/transforms/park" -I"C:/ti/motor_control_sdk_am243x_09_02_00_12/source/transforms/svgen" -I"C:/ti/motor_control_sdk_am243x_09_02_00_12/source/dcl" -DSOC_AM243X -g -Wall -Wno-gnu-variable-sized-type-not-at-end -Wno-unused-function -MMD -MP -MF"syscfg/ti_drivers_open_close.d_raw" -MT"syscfg/ti_drivers_open_close.o" -I"C:/CoRoot/##TASKS##/#TASK# TI_AM243x_LaunchPad_eFlex/ccs_singlewire_led_project/single_chip_servo_am243x-lp_r5fss0-1_nortos_ti-arm-clang/Release/syscfg"   -o"syscfg/ti_drivers_open_close.o" "syscfg/ti_drivers_open_close.c"
Finished building: "syscfg/ti_drivers_open_close.c"
 
Arm Compiler - building file: "syscfg/ti_pinmux_config.c"
"C:/ti/ti_cgt_arm_llvm_3.2.2.LTS/bin/tiarmclang.exe" -c -mcpu=cortex-r5 -mfloat-abi=hard -mfpu=vfpv3-d16 -mlittle-endian -mthumb -Os -I"C:/ti/ti_cgt_arm_llvm_3.2.2.LTS/include/c" -I"C:/ti/motor_control_sdk_am243x_09_02_00_12/mcu_plus_sdk/source" -I"C:/ti/motor_control_sdk_am243x_09_02_00_12/source" -I"C:/ti/motor_control_sdk_am243x_09_02_00_12/mcu_plus_sdk/source/drivers" -I"C:/ti/motor_control_sdk_am243x_09_02_00_12/mcu_plus_sdk/source/board" -I"C:/ti/motor_control_sdk_am243x_09_02_00_12/mcu_plus_sdk/source/cmsis/DSP/Include" -I"C:/ti/motor_control_sdk_am243x_09_02_00_12/mcu_plus_sdk/source/cmsis/Core/Include" -I"C:/ti/motor_control_sdk_am243x_09_02_00_12/source/current_sense/sdfm/firmware" -I"C:/ti/motor_control_sdk_am243x_09_02_00_12/source/current_sense/sdfm/include" -I"C:/ti/motor_control_sdk_am243x_09_02_00_12/source/position_sense/endat/firmware" -I"C:/ti/motor_control_sdk_am243x_09_02_00_12/source/position_sense/endat/include" -I"C:/ti/motor_control_sdk_am243x_09_02_00_12/source/transforms/clarke" -I"C:/ti/motor_control_sdk_am243x_09_02_00_12/source/transforms/ipark" -I"C:/ti/motor_control_sdk_am243x_09_02_00_12/source/transforms/park" -I"C:/ti/motor_control_sdk_am243x_09_02_00_12/source/transforms/svgen" -I"C:/ti/motor_control_sdk_am243x_09_02_00_12/source/dcl" -DSOC_AM243X -g -Wall -Wno-gnu-variable-sized-type-not-at-end -Wno-unused-function -MMD -MP -MF"syscfg/ti_pinmux_config.d_raw" -MT"syscfg/ti_pinmux_config.o" -I"C:/CoRoot/##TASKS##/#TASK# TI_AM243x_LaunchPad_eFlex/ccs_singlewire_led_project/single_chip_servo_am243x-lp_r5fss0-1_nortos_ti-arm-clang/Release/syscfg"   -o"syscfg/ti_pinmux_config.o" "syscfg/ti_pinmux_config.c"
Finished building: "syscfg/ti_pinmux_config.c"
 
Arm Compiler - building file: "syscfg/ti_power_clock_config.c"
"C:/ti/ti_cgt_arm_llvm_3.2.2.LTS/bin/tiarmclang.exe" -c -mcpu=cortex-r5 -mfloat-abi=hard -mfpu=vfpv3-d16 -mlittle-endian -mthumb -Os -I"C:/ti/ti_cgt_arm_llvm_3.2.2.LTS/include/c" -I"C:/ti/motor_control_sdk_am243x_09_02_00_12/mcu_plus_sdk/source" -I"C:/ti/motor_control_sdk_am243x_09_02_00_12/source" -I"C:/ti/motor_control_sdk_am243x_09_02_00_12/mcu_plus_sdk/source/drivers" -I"C:/ti/motor_control_sdk_am243x_09_02_00_12/mcu_plus_sdk/source/board" -I"C:/ti/motor_control_sdk_am243x_09_02_00_12/mcu_plus_sdk/source/cmsis/DSP/Include" -I"C:/ti/motor_control_sdk_am243x_09_02_00_12/mcu_plus_sdk/source/cmsis/Core/Include" -I"C:/ti/motor_control_sdk_am243x_09_02_00_12/source/current_sense/sdfm/firmware" -I"C:/ti/motor_control_sdk_am243x_09_02_00_12/source/current_sense/sdfm/include" -I"C:/ti/motor_control_sdk_am243x_09_02_00_12/source/position_sense/endat/firmware" -I"C:/ti/motor_control_sdk_am243x_09_02_00_12/source/position_sense/endat/include" -I"C:/ti/motor_control_sdk_am243x_09_02_00_12/source/transforms/clarke" -I"C:/ti/motor_control_sdk_am243x_09_02_00_12/source/transforms/ipark" -I"C:/ti/motor_control_sdk_am243x_09_02_00_12/source/transforms/park" -I"C:/ti/motor_control_sdk_am243x_09_02_00_12/source/transforms/svgen" -I"C:/ti/motor_control_sdk_am243x_09_02_00_12/source/dcl" -DSOC_AM243X -g -Wall -Wno-gnu-variable-sized-type-not-at-end -Wno-unused-function -MMD -MP -MF"syscfg/ti_power_clock_config.d_raw" -MT"syscfg/ti_power_clock_config.o" -I"C:/CoRoot/##TASKS##/#TASK# TI_AM243x_LaunchPad_eFlex/ccs_singlewire_led_project/single_chip_servo_am243x-lp_r5fss0-1_nortos_ti-arm-clang/Release/syscfg"   -o"syscfg/ti_power_clock_config.o" "syscfg/ti_power_clock_config.c"
Finished building: "syscfg/ti_power_clock_config.c"
 
Arm Compiler - building file: "syscfg/ti_enet_config.c"
"C:/ti/ti_cgt_arm_llvm_3.2.2.LTS/bin/tiarmclang.exe" -c -mcpu=cortex-r5 -mfloat-abi=hard -mfpu=vfpv3-d16 -mlittle-endian -mthumb -Os -I"C:/ti/ti_cgt_arm_llvm_3.2.2.LTS/include/c" -I"C:/ti/motor_control_sdk_am243x_09_02_00_12/mcu_plus_sdk/source" -I"C:/ti/motor_control_sdk_am243x_09_02_00_12/source" -I"C:/ti/motor_control_sdk_am243x_09_02_00_12/mcu_plus_sdk/source/drivers" -I"C:/ti/motor_control_sdk_am243x_09_02_00_12/mcu_plus_sdk/source/board" -I"C:/ti/motor_control_sdk_am243x_09_02_00_12/mcu_plus_sdk/source/cmsis/DSP/Include" -I"C:/ti/motor_control_sdk_am243x_09_02_00_12/mcu_plus_sdk/source/cmsis/Core/Include" -I"C:/ti/motor_control_sdk_am243x_09_02_00_12/source/current_sense/sdfm/firmware" -I"C:/ti/motor_control_sdk_am243x_09_02_00_12/source/current_sense/sdfm/include" -I"C:/ti/motor_control_sdk_am243x_09_02_00_12/source/position_sense/endat/firmware" -I"C:/ti/motor_control_sdk_am243x_09_02_00_12/source/position_sense/endat/include" -I"C:/ti/motor_control_sdk_am243x_09_02_00_12/source/transforms/clarke" -I"C:/ti/motor_control_sdk_am243x_09_02_00_12/source/transforms/ipark" -I"C:/ti/motor_control_sdk_am243x_09_02_00_12/source/transforms/park" -I"C:/ti/motor_control_sdk_am243x_09_02_00_12/source/transforms/svgen" -I"C:/ti/motor_control_sdk_am243x_09_02_00_12/source/dcl" -DSOC_AM243X -g -Wall -Wno-gnu-variable-sized-type-not-at-end -Wno-unused-function -MMD -MP -MF"syscfg/ti_enet_config.d_raw" -MT"syscfg/ti_enet_config.o" -I"C:/CoRoot/##TASKS##/#TASK# TI_AM243x_LaunchPad_eFlex/ccs_singlewire_led_project/single_chip_servo_am243x-lp_r5fss0-1_nortos_ti-arm-clang/Release/syscfg"   -o"syscfg/ti_enet_config.o" "syscfg/ti_enet_config.c"
Finished building: "syscfg/ti_enet_config.c"
 
Arm Compiler - building file: "syscfg/ti_board_config.c"
"C:/ti/ti_cgt_arm_llvm_3.2.2.LTS/bin/tiarmclang.exe" -c -mcpu=cortex-r5 -mfloat-abi=hard -mfpu=vfpv3-d16 -mlittle-endian -mthumb -Os -I"C:/ti/ti_cgt_arm_llvm_3.2.2.LTS/include/c" -I"C:/ti/motor_control_sdk_am243x_09_02_00_12/mcu_plus_sdk/source" -I"C:/ti/motor_control_sdk_am243x_09_02_00_12/source" -I"C:/ti/motor_control_sdk_am243x_09_02_00_12/mcu_plus_sdk/source/drivers" -I"C:/ti/motor_control_sdk_am243x_09_02_00_12/mcu_plus_sdk/source/board" -I"C:/ti/motor_control_sdk_am243x_09_02_00_12/mcu_plus_sdk/source/cmsis/DSP/Include" -I"C:/ti/motor_control_sdk_am243x_09_02_00_12/mcu_plus_sdk/source/cmsis/Core/Include" -I"C:/ti/motor_control_sdk_am243x_09_02_00_12/source/current_sense/sdfm/firmware" -I"C:/ti/motor_control_sdk_am243x_09_02_00_12/source/current_sense/sdfm/include" -I"C:/ti/motor_control_sdk_am243x_09_02_00_12/source/position_sense/endat/firmware" -I"C:/ti/motor_control_sdk_am243x_09_02_00_12/source/position_sense/endat/include" -I"C:/ti/motor_control_sdk_am243x_09_02_00_12/source/transforms/clarke" -I"C:/ti/motor_control_sdk_am243x_09_02_00_12/source/transforms/ipark" -I"C:/ti/motor_control_sdk_am243x_09_02_00_12/source/transforms/park" -I"C:/ti/motor_control_sdk_am243x_09_02_00_12/source/transforms/svgen" -I"C:/ti/motor_control_sdk_am243x_09_02_00_12/source/dcl" -DSOC_AM243X -g -Wall -Wno-gnu-variable-sized-type-not-at-end -Wno-unused-function -MMD -MP -MF"syscfg/ti_board_config.d_raw" -MT"syscfg/ti_board_config.o" -I"C:/CoRoot/##TASKS##/#TASK# TI_AM243x_LaunchPad_eFlex/ccs_singlewire_led_project/single_chip_servo_am243x-lp_r5fss0-1_nortos_ti-arm-clang/Release/syscfg"   -o"syscfg/ti_board_config.o" "syscfg/ti_board_config.c"
Finished building: "syscfg/ti_board_config.c"
 
Arm Compiler - building file: "syscfg/ti_enet_open_close.c"
"C:/ti/ti_cgt_arm_llvm_3.2.2.LTS/bin/tiarmclang.exe" -c -mcpu=cortex-r5 -mfloat-abi=hard -mfpu=vfpv3-d16 -mlittle-endian -mthumb -Os -I"C:/ti/ti_cgt_arm_llvm_3.2.2.LTS/include/c" -I"C:/ti/motor_control_sdk_am243x_09_02_00_12/mcu_plus_sdk/source" -I"C:/ti/motor_control_sdk_am243x_09_02_00_12/source" -I"C:/ti/motor_control_sdk_am243x_09_02_00_12/mcu_plus_sdk/source/drivers" -I"C:/ti/motor_control_sdk_am243x_09_02_00_12/mcu_plus_sdk/source/board" -I"C:/ti/motor_control_sdk_am243x_09_02_00_12/mcu_plus_sdk/source/cmsis/DSP/Include" -I"C:/ti/motor_control_sdk_am243x_09_02_00_12/mcu_plus_sdk/source/cmsis/Core/Include" -I"C:/ti/motor_control_sdk_am243x_09_02_00_12/source/current_sense/sdfm/firmware" -I"C:/ti/motor_control_sdk_am243x_09_02_00_12/source/current_sense/sdfm/include" -I"C:/ti/motor_control_sdk_am243x_09_02_00_12/source/position_sense/endat/firmware" -I"C:/ti/motor_control_sdk_am243x_09_02_00_12/source/position_sense/endat/include" -I"C:/ti/motor_control_sdk_am243x_09_02_00_12/source/transforms/clarke" -I"C:/ti/motor_control_sdk_am243x_09_02_00_12/source/transforms/ipark" -I"C:/ti/motor_control_sdk_am243x_09_02_00_12/source/transforms/park" -I"C:/ti/motor_control_sdk_am243x_09_02_00_12/source/transforms/svgen" -I"C:/ti/motor_control_sdk_am243x_09_02_00_12/source/dcl" -DSOC_AM243X -g -Wall -Wno-gnu-variable-sized-type-not-at-end -Wno-unused-function -MMD -MP -MF"syscfg/ti_enet_open_close.d_raw" -MT"syscfg/ti_enet_open_close.o" -I"C:/CoRoot/##TASKS##/#TASK# TI_AM243x_LaunchPad_eFlex/ccs_singlewire_led_project/single_chip_servo_am243x-lp_r5fss0-1_nortos_ti-arm-clang/Release/syscfg"   -o"syscfg/ti_enet_open_close.o" "syscfg/ti_enet_open_close.c"
Finished building: "syscfg/ti_enet_open_close.c"
 
Arm Compiler - building file: "syscfg/ti_board_open_close.c"
"C:/ti/ti_cgt_arm_llvm_3.2.2.LTS/bin/tiarmclang.exe" -c -mcpu=cortex-r5 -mfloat-abi=hard -mfpu=vfpv3-d16 -mlittle-endian -mthumb -Os -I"C:/ti/ti_cgt_arm_llvm_3.2.2.LTS/include/c" -I"C:/ti/motor_control_sdk_am243x_09_02_00_12/mcu_plus_sdk/source" -I"C:/ti/motor_control_sdk_am243x_09_02_00_12/source" -I"C:/ti/motor_control_sdk_am243x_09_02_00_12/mcu_plus_sdk/source/drivers" -I"C:/ti/motor_control_sdk_am243x_09_02_00_12/mcu_plus_sdk/source/board" -I"C:/ti/motor_control_sdk_am243x_09_02_00_12/mcu_plus_sdk/source/cmsis/DSP/Include" -I"C:/ti/motor_control_sdk_am243x_09_02_00_12/mcu_plus_sdk/source/cmsis/Core/Include" -I"C:/ti/motor_control_sdk_am243x_09_02_00_12/source/current_sense/sdfm/firmware" -I"C:/ti/motor_control_sdk_am243x_09_02_00_12/source/current_sense/sdfm/include" -I"C:/ti/motor_control_sdk_am243x_09_02_00_12/source/position_sense/endat/firmware" -I"C:/ti/motor_control_sdk_am243x_09_02_00_12/source/position_sense/endat/include" -I"C:/ti/motor_control_sdk_am243x_09_02_00_12/source/transforms/clarke" -I"C:/ti/motor_control_sdk_am243x_09_02_00_12/source/transforms/ipark" -I"C:/ti/motor_control_sdk_am243x_09_02_00_12/source/transforms/park" -I"C:/ti/motor_control_sdk_am243x_09_02_00_12/source/transforms/svgen" -I"C:/ti/motor_control_sdk_am243x_09_02_00_12/source/dcl" -DSOC_AM243X -g -Wall -Wno-gnu-variable-sized-type-not-at-end -Wno-unused-function -MMD -MP -MF"syscfg/ti_board_open_close.d_raw" -MT"syscfg/ti_board_open_close.o" -I"C:/CoRoot/##TASKS##/#TASK# TI_AM243x_LaunchPad_eFlex/ccs_singlewire_led_project/single_chip_servo_am243x-lp_r5fss0-1_nortos_ti-arm-clang/Release/syscfg"   -o"syscfg/ti_board_open_close.o" "syscfg/ti_board_open_close.c"
Finished building: "syscfg/ti_board_open_close.c"
 
Arm Compiler - building file: "../main.c"
"C:/ti/ti_cgt_arm_llvm_3.2.2.LTS/bin/tiarmclang.exe" -c -mcpu=cortex-r5 -mfloat-abi=hard -mfpu=vfpv3-d16 -mlittle-endian -mthumb -Os -I"C:/ti/ti_cgt_arm_llvm_3.2.2.LTS/include/c" -I"C:/ti/motor_control_sdk_am243x_09_02_00_12/mcu_plus_sdk/source" -I"C:/ti/motor_control_sdk_am243x_09_02_00_12/source" -I"C:/ti/motor_control_sdk_am243x_09_02_00_12/mcu_plus_sdk/source/drivers" -I"C:/ti/motor_control_sdk_am243x_09_02_00_12/mcu_plus_sdk/source/board" -I"C:/ti/motor_control_sdk_am243x_09_02_00_12/mcu_plus_sdk/source/cmsis/DSP/Include" -I"C:/ti/motor_control_sdk_am243x_09_02_00_12/mcu_plus_sdk/source/cmsis/Core/Include" -I"C:/ti/motor_control_sdk_am243x_09_02_00_12/source/current_sense/sdfm/firmware" -I"C:/ti/motor_control_sdk_am243x_09_02_00_12/source/current_sense/sdfm/include" -I"C:/ti/motor_control_sdk_am243x_09_02_00_12/source/position_sense/endat/firmware" -I"C:/ti/motor_control_sdk_am243x_09_02_00_12/source/position_sense/endat/include" -I"C:/ti/motor_control_sdk_am243x_09_02_00_12/source/transforms/clarke" -I"C:/ti/motor_control_sdk_am243x_09_02_00_12/source/transforms/ipark" -I"C:/ti/motor_control_sdk_am243x_09_02_00_12/source/transforms/park" -I"C:/ti/motor_control_sdk_am243x_09_02_00_12/source/transforms/svgen" -I"C:/ti/motor_control_sdk_am243x_09_02_00_12/source/dcl" -DSOC_AM243X -g -Wall -Wno-gnu-variable-sized-type-not-at-end -Wno-unused-function -MMD -MP -MF"main.d_raw" -MT"main.o" -I"C:/CoRoot/##TASKS##/#TASK# TI_AM243x_LaunchPad_eFlex/ccs_singlewire_led_project/single_chip_servo_am243x-lp_r5fss0-1_nortos_ti-arm-clang/Release/syscfg"   -o"main.o" "../main.c"
Finished building: "../main.c"
 
Arm Compiler - building file: "syscfg/ti_enet_soc.c"
"C:/ti/ti_cgt_arm_llvm_3.2.2.LTS/bin/tiarmclang.exe" -c -mcpu=cortex-r5 -mfloat-abi=hard -mfpu=vfpv3-d16 -mlittle-endian -mthumb -Os -I"C:/ti/ti_cgt_arm_llvm_3.2.2.LTS/include/c" -I"C:/ti/motor_control_sdk_am243x_09_02_00_12/mcu_plus_sdk/source" -I"C:/ti/motor_control_sdk_am243x_09_02_00_12/source" -I"C:/ti/motor_control_sdk_am243x_09_02_00_12/mcu_plus_sdk/source/drivers" -I"C:/ti/motor_control_sdk_am243x_09_02_00_12/mcu_plus_sdk/source/board" -I"C:/ti/motor_control_sdk_am243x_09_02_00_12/mcu_plus_sdk/source/cmsis/DSP/Include" -I"C:/ti/motor_control_sdk_am243x_09_02_00_12/mcu_plus_sdk/source/cmsis/Core/Include" -I"C:/ti/motor_control_sdk_am243x_09_02_00_12/source/current_sense/sdfm/firmware" -I"C:/ti/motor_control_sdk_am243x_09_02_00_12/source/current_sense/sdfm/include" -I"C:/ti/motor_control_sdk_am243x_09_02_00_12/source/position_sense/endat/firmware" -I"C:/ti/motor_control_sdk_am243x_09_02_00_12/source/position_sense/endat/include" -I"C:/ti/motor_control_sdk_am243x_09_02_00_12/source/transforms/clarke" -I"C:/ti/motor_control_sdk_am243x_09_02_00_12/source/transforms/ipark" -I"C:/ti/motor_control_sdk_am243x_09_02_00_12/source/transforms/park" -I"C:/ti/motor_control_sdk_am243x_09_02_00_12/source/transforms/svgen" -I"C:/ti/motor_control_sdk_am243x_09_02_00_12/source/dcl" -DSOC_AM243X -g -Wall -Wno-gnu-variable-sized-type-not-at-end -Wno-unused-function -MMD -MP -MF"syscfg/ti_enet_soc.d_raw" -MT"syscfg/ti_enet_soc.o" -I"C:/CoRoot/##TASKS##/#TASK# TI_AM243x_LaunchPad_eFlex/ccs_singlewire_led_project/single_chip_servo_am243x-lp_r5fss0-1_nortos_ti-arm-clang/Release/syscfg"   -o"syscfg/ti_enet_soc.o" "syscfg/ti_enet_soc.c"
Finished building: "syscfg/ti_enet_soc.c"
 
Arm Compiler - building file: "syscfg/ti_enet_lwipif.c"
"C:/ti/ti_cgt_arm_llvm_3.2.2.LTS/bin/tiarmclang.exe" -c -mcpu=cortex-r5 -mfloat-abi=hard -mfpu=vfpv3-d16 -mlittle-endian -mthumb -Os -I"C:/ti/ti_cgt_arm_llvm_3.2.2.LTS/include/c" -I"C:/ti/motor_control_sdk_am243x_09_02_00_12/mcu_plus_sdk/source" -I"C:/ti/motor_control_sdk_am243x_09_02_00_12/source" -I"C:/ti/motor_control_sdk_am243x_09_02_00_12/mcu_plus_sdk/source/drivers" -I"C:/ti/motor_control_sdk_am243x_09_02_00_12/mcu_plus_sdk/source/board" -I"C:/ti/motor_control_sdk_am243x_09_02_00_12/mcu_plus_sdk/source/cmsis/DSP/Include" -I"C:/ti/motor_control_sdk_am243x_09_02_00_12/mcu_plus_sdk/source/cmsis/Core/Include" -I"C:/ti/motor_control_sdk_am243x_09_02_00_12/source/current_sense/sdfm/firmware" -I"C:/ti/motor_control_sdk_am243x_09_02_00_12/source/current_sense/sdfm/include" -I"C:/ti/motor_control_sdk_am243x_09_02_00_12/source/position_sense/endat/firmware" -I"C:/ti/motor_control_sdk_am243x_09_02_00_12/source/position_sense/endat/include" -I"C:/ti/motor_control_sdk_am243x_09_02_00_12/source/transforms/clarke" -I"C:/ti/motor_control_sdk_am243x_09_02_00_12/source/transforms/ipark" -I"C:/ti/motor_control_sdk_am243x_09_02_00_12/source/transforms/park" -I"C:/ti/motor_control_sdk_am243x_09_02_00_12/source/transforms/svgen" -I"C:/ti/motor_control_sdk_am243x_09_02_00_12/source/dcl" -DSOC_AM243X -g -Wall -Wno-gnu-variable-sized-type-not-at-end -Wno-unused-function -MMD -MP -MF"syscfg/ti_enet_lwipif.d_raw" -MT"syscfg/ti_enet_lwipif.o" -I"C:/CoRoot/##TASKS##/#TASK# TI_AM243x_LaunchPad_eFlex/ccs_singlewire_led_project/single_chip_servo_am243x-lp_r5fss0-1_nortos_ti-arm-clang/Release/syscfg"   -o"syscfg/ti_enet_lwipif.o" "syscfg/ti_enet_lwipif.c"
Finished building: "syscfg/ti_enet_lwipif.c"
 
Arm Compiler - building file: "../pwm.c"
"C:/ti/ti_cgt_arm_llvm_3.2.2.LTS/bin/tiarmclang.exe" -c -mcpu=cortex-r5 -mfloat-abi=hard -mfpu=vfpv3-d16 -mlittle-endian -mthumb -Os -I"C:/ti/ti_cgt_arm_llvm_3.2.2.LTS/include/c" -I"C:/ti/motor_control_sdk_am243x_09_02_00_12/mcu_plus_sdk/source" -I"C:/ti/motor_control_sdk_am243x_09_02_00_12/source" -I"C:/ti/motor_control_sdk_am243x_09_02_00_12/mcu_plus_sdk/source/drivers" -I"C:/ti/motor_control_sdk_am243x_09_02_00_12/mcu_plus_sdk/source/board" -I"C:/ti/motor_control_sdk_am243x_09_02_00_12/mcu_plus_sdk/source/cmsis/DSP/Include" -I"C:/ti/motor_control_sdk_am243x_09_02_00_12/mcu_plus_sdk/source/cmsis/Core/Include" -I"C:/ti/motor_control_sdk_am243x_09_02_00_12/source/current_sense/sdfm/firmware" -I"C:/ti/motor_control_sdk_am243x_09_02_00_12/source/current_sense/sdfm/include" -I"C:/ti/motor_control_sdk_am243x_09_02_00_12/source/position_sense/endat/firmware" -I"C:/ti/motor_control_sdk_am243x_09_02_00_12/source/position_sense/endat/include" -I"C:/ti/motor_control_sdk_am243x_09_02_00_12/source/transforms/clarke" -I"C:/ti/motor_control_sdk_am243x_09_02_00_12/source/transforms/ipark" -I"C:/ti/motor_control_sdk_am243x_09_02_00_12/source/transforms/park" -I"C:/ti/motor_control_sdk_am243x_09_02_00_12/source/transforms/svgen" -I"C:/ti/motor_control_sdk_am243x_09_02_00_12/source/dcl" -DSOC_AM243X -g -Wall -Wno-gnu-variable-sized-type-not-at-end -Wno-unused-function -MMD -MP -MF"pwm.d_raw" -MT"pwm.o" -I"C:/CoRoot/##TASKS##/#TASK# TI_AM243x_LaunchPad_eFlex/ccs_singlewire_led_project/single_chip_servo_am243x-lp_r5fss0-1_nortos_ti-arm-clang/Release/syscfg"   -o"pwm.o" "../pwm.c"
Finished building: "../pwm.c"
 
Arm Compiler - building file: "../ti_r5fmath_trig.c"
"C:/ti/ti_cgt_arm_llvm_3.2.2.LTS/bin/tiarmclang.exe" -c -mcpu=cortex-r5 -mfloat-abi=hard -mfpu=vfpv3-d16 -mlittle-endian -mthumb -Os -I"C:/ti/ti_cgt_arm_llvm_3.2.2.LTS/include/c" -I"C:/ti/motor_control_sdk_am243x_09_02_00_12/mcu_plus_sdk/source" -I"C:/ti/motor_control_sdk_am243x_09_02_00_12/source" -I"C:/ti/motor_control_sdk_am243x_09_02_00_12/mcu_plus_sdk/source/drivers" -I"C:/ti/motor_control_sdk_am243x_09_02_00_12/mcu_plus_sdk/source/board" -I"C:/ti/motor_control_sdk_am243x_09_02_00_12/mcu_plus_sdk/source/cmsis/DSP/Include" -I"C:/ti/motor_control_sdk_am243x_09_02_00_12/mcu_plus_sdk/source/cmsis/Core/Include" -I"C:/ti/motor_control_sdk_am243x_09_02_00_12/source/current_sense/sdfm/firmware" -I"C:/ti/motor_control_sdk_am243x_09_02_00_12/source/current_sense/sdfm/include" -I"C:/ti/motor_control_sdk_am243x_09_02_00_12/source/position_sense/endat/firmware" -I"C:/ti/motor_control_sdk_am243x_09_02_00_12/source/position_sense/endat/include" -I"C:/ti/motor_control_sdk_am243x_09_02_00_12/source/transforms/clarke" -I"C:/ti/motor_control_sdk_am243x_09_02_00_12/source/transforms/ipark" -I"C:/ti/motor_control_sdk_am243x_09_02_00_12/source/transforms/park" -I"C:/ti/motor_control_sdk_am243x_09_02_00_12/source/transforms/svgen" -I"C:/ti/motor_control_sdk_am243x_09_02_00_12/source/dcl" -DSOC_AM243X -g -Wall -Wno-gnu-variable-sized-type-not-at-end -Wno-unused-function -MMD -MP -MF"ti_r5fmath_trig.d_raw" -MT"ti_r5fmath_trig.o" -I"C:/CoRoot/##TASKS##/#TASK# TI_AM243x_LaunchPad_eFlex/ccs_singlewire_led_project/single_chip_servo_am243x-lp_r5fss0-1_nortos_ti-arm-clang/Release/syscfg"   -o"ti_r5fmath_trig.o" "../ti_r5fmath_trig.c"
Finished building: "../ti_r5fmath_trig.c"
 
Arm Compiler - building file: "../single_chip_servo.c"
"C:/ti/ti_cgt_arm_llvm_3.2.2.LTS/bin/tiarmclang.exe" -c -mcpu=cortex-r5 -mfloat-abi=hard -mfpu=vfpv3-d16 -mlittle-endian -mthumb -Os -I"C:/ti/ti_cgt_arm_llvm_3.2.2.LTS/include/c" -I"C:/ti/motor_control_sdk_am243x_09_02_00_12/mcu_plus_sdk/source" -I"C:/ti/motor_control_sdk_am243x_09_02_00_12/source" -I"C:/ti/motor_control_sdk_am243x_09_02_00_12/mcu_plus_sdk/source/drivers" -I"C:/ti/motor_control_sdk_am243x_09_02_00_12/mcu_plus_sdk/source/board" -I"C:/ti/motor_control_sdk_am243x_09_02_00_12/mcu_plus_sdk/source/cmsis/DSP/Include" -I"C:/ti/motor_control_sdk_am243x_09_02_00_12/mcu_plus_sdk/source/cmsis/Core/Include" -I"C:/ti/motor_control_sdk_am243x_09_02_00_12/source/current_sense/sdfm/firmware" -I"C:/ti/motor_control_sdk_am243x_09_02_00_12/source/current_sense/sdfm/include" -I"C:/ti/motor_control_sdk_am243x_09_02_00_12/source/position_sense/endat/firmware" -I"C:/ti/motor_control_sdk_am243x_09_02_00_12/source/position_sense/endat/include" -I"C:/ti/motor_control_sdk_am243x_09_02_00_12/source/transforms/clarke" -I"C:/ti/motor_control_sdk_am243x_09_02_00_12/source/transforms/ipark" -I"C:/ti/motor_control_sdk_am243x_09_02_00_12/source/transforms/park" -I"C:/ti/motor_control_sdk_am243x_09_02_00_12/source/transforms/svgen" -I"C:/ti/motor_control_sdk_am243x_09_02_00_12/source/dcl" -DSOC_AM243X -g -Wall -Wno-gnu-variable-sized-type-not-at-end -Wno-unused-function -MMD -MP -MF"single_chip_servo.d_raw" -MT"single_chip_servo.o" -I"C:/CoRoot/##TASKS##/#TASK# TI_AM243x_LaunchPad_eFlex/ccs_singlewire_led_project/single_chip_servo_am243x-lp_r5fss0-1_nortos_ti-arm-clang/Release/syscfg"   -o"single_chip_servo.o" "../single_chip_servo.c"
Finished building: "../single_chip_servo.c"
 
Arm Linker - building target: "single_chip_servo_am243x-lp_r5fss0-1_nortos_ti-arm-clang.out"
"C:/ti/ti_cgt_arm_llvm_3.2.2.LTS/bin/tiarmclang.exe" -mcpu=cortex-r5 -mfloat-abi=hard -mfpu=vfpv3-d16 -mlittle-endian -mthumb -Os -DSOC_AM243X -g -Wall -Wno-gnu-variable-sized-type-not-at-end -Wno-unused-function -Wl,-m"single_chip_servo.Release.map" -Wl,-i"C:/ti/ti_cgt_arm_llvm_3.2.2.LTS/lib" -Wl,-i"C:/ti/motor_control_sdk_am243x_09_02_00_12/mcu_plus_sdk/source/kernel/nortos/lib" -Wl,-i"C:/ti/motor_control_sdk_am243x_09_02_00_12/mcu_plus_sdk/source/drivers/lib" -Wl,-i"C:/ti/motor_control_sdk_am243x_09_02_00_12/mcu_plus_sdk/source/board/lib" -Wl,-i"C:/ti/motor_control_sdk_am243x_09_02_00_12/source/position_sense/endat/lib" -Wl,-i"C:/ti/motor_control_sdk_am243x_09_02_00_12/source/current_sense/sdfm/lib" -Wl,-i"C:/ti/motor_control_sdk_am243x_09_02_00_12/mcu_plus_sdk/source/cmsis/lib" -Wl,--reread_libs -Wl,--diag_suppress=10063 -Wl,--diag_wrap=off -Wl,--display_error_number -Wl,--warn_sections -Wl,--xml_link_info="single_chip_servo_am243x-lp_r5fss0-1_nortos_ti-arm-clang_linkInfo.xml" -Wl,--ram_model -o "single_chip_servo_am243x-lp_r5fss0-1_nortos_ti-arm-clang.out" "./epwm_drv_aux.o" "./syscfg/ti_dpl_config.o" "./syscfg/ti_drivers_config.o" "./syscfg/ti_drivers_open_close.o" "./syscfg/ti_pinmux_config.o" "./syscfg/ti_power_clock_config.o" "./syscfg/ti_board_config.o" "./syscfg/ti_board_open_close.o" "./syscfg/ti_enet_config.o" "./syscfg/ti_enet_open_close.o" "./syscfg/ti_enet_soc.o" "./syscfg/ti_enet_lwipif.o" "./main.o" "./pwm.o" "./single_chip_servo.o" "./ti_r5fmath_trig.o" -Wl,-l"syscfg/linker.cmd"  -Wl,-llibc.a -Wl,-lnortos.am243x.r5f.ti-arm-clang.release.lib -Wl,-ldrivers.am243x.r5f.ti-arm-clang.release.lib -Wl,-lboard.am243x.r5f.ti-arm-clang.release.lib -Wl,-lmotorcontrol_sdfm.am243x.r5f.ti-arm-clang.release.lib -Wl,-lmotorcontrol_endat.am243x.r5f.ti-arm-clang.release.lib -Wl,-lcmsis.am243x.r5f.ti-arm-clang.release.lib -Wl,-llibsysbm.a 
Finished building target: "single_chip_servo_am243x-lp_r5fss0-1_nortos_ti-arm-clang.out"
 
C:/ti/ccs2050/ccs/utils/bin/gmake -C C:\CoRoot\##TASKS##\#TASK# TI_AM243x_LaunchPad_eFlex\ccs_singlewire_led_project\single_chip_servo_am243x-lp_r5fss0-1_nortos_ti-arm-clang -f makefile_ccs_bootimage_gen OUTNAME=single_chip_servo_am243x-lp_r5fss0-1_nortos_ti-arm-clang PROFILE=Release MOTOR_CONTROL_SDK_PATH=C:/ti/motor_control_sdk_am243x_09_02_00_12 CG_TOOL_ROOT=C:/ti/ti_cgt_arm_llvm_3.2.2.LTS CCS_INSTALL_DIR=C:\ti\ccs2050\ccs\ CCS_IDE_MODE=desktop DEVICE=am243x
gmake[2]: [makefile:165: post-build] Error 2 (ignored)
 
**** Build finished ****


**** Clean-only build of configuration 'Release' for project 'single_chip_servo_am243x-lp_r5fss1-0_freertos_ti-arm-clang' ****

"C:\\ti\\ccs2050\\ccs\\utils\\bin\\gmake" -k -j 20 clean -r -O 
 
**** Build finished ****


**** Build of configuration 'Release' for project 'single_chip_servo_am243x-lp_r5fss1-0_freertos_ti-arm-clang' ****

"C:\\ti\\ccs2050\\ccs\\utils\\bin\\gmake" -k -j 20 all -r -O 
 
SysConfig - building file: "../example.syscfg"
"C:/ti/sysconfig_1.20.0/sysconfig_cli.bat" -s "C:/ti/motor_control_sdk_am243x_09_02_00_12/.metadata/product.json" -p "ALX" -r "ALX" --script "C:/CoRoot/##TASKS##/#TASK# TI_AM243x_LaunchPad_eFlex/ccs_singlewire_led_project/single_chip_servo_am243x-lp_r5fss0-0_nortos_ti-arm-clang/example.syscfg" --context "r5fss0-0" --script "C:/CoRoot/##TASKS##/#TASK# TI_AM243x_LaunchPad_eFlex/ccs_singlewire_led_project/single_chip_servo_am243x-lp_r5fss0-1_nortos_ti-arm-clang/example.syscfg" --context "r5fss0-1" --script "C:/CoRoot/##TASKS##/#TASK# TI_AM243x_LaunchPad_eFlex/ccs_singlewire_led_project/single_chip_servo_am243x-lp_r5fss1-0_freertos_ti-arm-clang/example.syscfg" --context "r5fss1-0" -o "syscfg" --compiler ticlang
Running script...
Validating...
info: r5fss0-0 CONFIG_MPU_REGION0(/kernel/dpl/mpu_armv7) attributes: Some memory region(s) within this range is Shared among cores. 
info: r5fss0-0 CONFIG_MPU_REGION0(/kernel/dpl/mpu_armv7) $name: This MPU region includes other cores' memory regions as well. Pl. make sure what you configure.
info: r5fss0-0 CONFIG_MPU_REGION1(/kernel/dpl/mpu_armv7) attributes: Some memory region(s) within this range is Shared among cores. 
info: r5fss0-0 CONFIG_MPU_REGION1(/kernel/dpl/mpu_armv7) $name: This MPU region includes other cores' memory regions as well. Pl. make sure what you configure.
info: r5fss0-0 CONFIG_MPU_REGION2(/kernel/dpl/mpu_armv7) attributes: Some memory region(s) within this range is Shared among cores. 
info: r5fss0-0 CONFIG_MPU_REGION2(/kernel/dpl/mpu_armv7) $name: This MPU region includes other cores' memory regions as well. Pl. make sure what you configure.
info: r5fss0-0 CONFIG_MPU_REGION3(/kernel/dpl/mpu_armv7) attributes: Some memory region(s) within this range is Shared among cores. 
info: r5fss0-0 CONFIG_MPU_REGION3(/kernel/dpl/mpu_armv7) $name: This MPU region includes other cores' memory regions as well. Pl. make sure what you configure.
info: r5fss0-0 CONFIG_MPU_REGION4(/kernel/dpl/mpu_armv7) attributes: Some memory region(s) within this range is Shared among cores. 
info: r5fss0-0 CONFIG_MPU_REGION4(/kernel/dpl/mpu_armv7) $name: This MPU region includes other cores' memory regions as well. Pl. make sure what you configure.
info: r5fss0-0 CONFIG_MPU_REGION5_GPIO(/kernel/dpl/mpu_armv7) attributes: Some memory region(s) within this range is Shared among cores. 
info: r5fss0-0 CONFIG_MPU_REGION5_GPIO(/kernel/dpl/mpu_armv7) $name: This MPU region includes other cores' memory regions as well. Pl. make sure what you configure.
info: r5fss0-0 CONFIG_MPU_REGION6_ICSSG0(/kernel/dpl/mpu_armv7) attributes: Some memory region(s) within this range is Shared among cores. 
info: r5fss0-0 CONFIG_MPU_REGION6_ICSSG0(/kernel/dpl/mpu_armv7) $name: This MPU region includes other cores' memory regions as well. Pl. make sure what you configure.
info: r5fss0-0 CONFIG_MPU_REGION7_PWMs0_8(/kernel/dpl/mpu_armv7) attributes: Some memory region(s) within this range is Shared among cores. 
info: r5fss0-0 CONFIG_MPU_REGION7_PWMs0_8(/kernel/dpl/mpu_armv7) $name: This MPU region includes other cores' memory regions as well. Pl. make sure what you configure.
info: r5fss0-0 CONFIG_MPU_REGION8_PWM9(/kernel/dpl/mpu_armv7) attributes: Some memory region(s) within this range is Shared among cores. 
info: r5fss0-0 CONFIG_MPU_REGION8_PWM9(/kernel/dpl/mpu_armv7) $name: This MPU region includes other cores' memory regions as well. Pl. make sure what you configure.
info: r5fss0-0 CONFIG_MPU_REGION9_OTHER_R5F_TCMB(/kernel/dpl/mpu_armv7) attributes: Some memory region(s) within this range is Shared among cores. 
info: r5fss0-0 CONFIG_MPU_REGION9_OTHER_R5F_TCMB(/kernel/dpl/mpu_armv7) $name: This MPU region includes other cores' memory regions as well. Pl. make sure what you configure.
info: r5fss0-0 CONFIG_MPU_MSRAM_CTRLVARS(/kernel/dpl/mpu_armv7) attributes: Some memory region(s) within this range is Shared among cores. 
info: r5fss0-0 CONFIG_MPU_MSRAM_CTRLVARS(/kernel/dpl/mpu_armv7) $name: This MPU region includes other cores' memory regions as well. Pl. make sure what you configure.
info: r5fss0-0 CONFIG_MPU_MSRAM_NOCACHE(/kernel/dpl/mpu_armv7) attributes: Some memory region(s) within this range is Shared among cores. 
info: r5fss0-0 CONFIG_MPU_MSRAM_NOCACHE(/kernel/dpl/mpu_armv7) $name: This MPU region includes other cores' memory regions as well. Pl. make sure what you configure.
info: r5fss0-0 CONFIG_MPU_MSRAM_NOCACHE0(/kernel/dpl/mpu_armv7) attributes: Some memory region(s) within this range is Shared among cores. 
info: r5fss0-0 CONFIG_MPU_MSRAM_NOCACHE0(/kernel/dpl/mpu_armv7) $name: This MPU region includes other cores' memory regions as well. Pl. make sure what you configure.
info: r5fss0-1 CONFIG_MPU_REGION0(/kernel/dpl/mpu_armv7) attributes: Some memory region(s) within this range is Shared among cores. 
info: r5fss0-1 CONFIG_MPU_REGION0(/kernel/dpl/mpu_armv7) $name: This MPU region includes other cores' memory regions as well. Pl. make sure what you configure.
info: r5fss0-1 CONFIG_MPU_REGION1(/kernel/dpl/mpu_armv7) attributes: Some memory region(s) within this range is Shared among cores. 
info: r5fss0-1 CONFIG_MPU_REGION1(/kernel/dpl/mpu_armv7) $name: This MPU region includes other cores' memory regions as well. Pl. make sure what you configure.
info: r5fss0-1 CONFIG_MPU_REGION2(/kernel/dpl/mpu_armv7) attributes: Some memory region(s) within this range is Shared among cores. 
info: r5fss0-1 CONFIG_MPU_REGION2(/kernel/dpl/mpu_armv7) $name: This MPU region includes other cores' memory regions as well. Pl. make sure what you configure.
info: r5fss0-1 CONFIG_MPU_REGION3(/kernel/dpl/mpu_armv7) attributes: Some memory region(s) within this range is Shared among cores. 
info: r5fss0-1 CONFIG_MPU_REGION3(/kernel/dpl/mpu_armv7) $name: This MPU region includes other cores' memory regions as well. Pl. make sure what you configure.
info: r5fss0-1 CONFIG_MPU_REGION4(/kernel/dpl/mpu_armv7) attributes: Some memory region(s) within this range is Shared among cores. 
info: r5fss0-1 CONFIG_MPU_REGION4(/kernel/dpl/mpu_armv7) $name: This MPU region includes other cores' memory regions as well. Pl. make sure what you configure.
info: r5fss0-1 CONFIG_MPU_REGION5_GPIO(/kernel/dpl/mpu_armv7) attributes: Some memory region(s) within this range is Shared among cores. 
info: r5fss0-1 CONFIG_MPU_REGION5_GPIO(/kernel/dpl/mpu_armv7) $name: This MPU region includes other cores' memory regions as well. Pl. make sure what you configure.
info: r5fss0-1 CONFIG_MPU_REGION6_ICSSG0(/kernel/dpl/mpu_armv7) attributes: Some memory region(s) within this range is Shared among cores. 
info: r5fss0-1 CONFIG_MPU_REGION6_ICSSG0(/kernel/dpl/mpu_armv7) $name: This MPU region includes other cores' memory regions as well. Pl. make sure what you configure.
info: r5fss0-1 CONFIG_MPU_REGION7_PWMs0_8(/kernel/dpl/mpu_armv7) attributes: Some memory region(s) within this range is Shared among cores. 
info: r5fss0-1 CONFIG_MPU_REGION7_PWMs0_8(/kernel/dpl/mpu_armv7) $name: This MPU region includes other cores' memory regions as well. Pl. make sure what you configure.
info: r5fss0-1 CONFIG_MPU_REGION8_PWM9(/kernel/dpl/mpu_armv7) attributes: Some memory region(s) within this range is Shared among cores. 
info: r5fss0-1 CONFIG_MPU_REGION8_PWM9(/kernel/dpl/mpu_armv7) $name: This MPU region includes other cores' memory regions as well. Pl. make sure what you configure.
info: r5fss0-1 CONFIG_MPU_REGION9_OTHER_R5F_TCMB(/kernel/dpl/mpu_armv7) attributes: Some memory region(s) within this range is Shared among cores. 
info: r5fss0-1 CONFIG_MPU_REGION9_OTHER_R5F_TCMB(/kernel/dpl/mpu_armv7) $name: This MPU region includes other cores' memory regions as well. Pl. make sure what you configure.
info: r5fss0-1 CONFIG_MPU_MSRAM_CTRLVARS(/kernel/dpl/mpu_armv7) attributes: Some memory region(s) within this range is Shared among cores. 
info: r5fss0-1 CONFIG_MPU_MSRAM_CTRLVARS(/kernel/dpl/mpu_armv7) $name: This MPU region includes other cores' memory regions as well. Pl. make sure what you configure.
info: r5fss0-1 CONFIG_MPU_MSRAM_NOCACHE(/kernel/dpl/mpu_armv7) attributes: Some memory region(s) within this range is Shared among cores. 
info: r5fss0-1 CONFIG_MPU_MSRAM_NOCACHE(/kernel/dpl/mpu_armv7) $name: This MPU region includes other cores' memory regions as well. Pl. make sure what you configure.
info: r5fss0-1 CONFIG_MPU_MSRAM_NOCACHE0(/kernel/dpl/mpu_armv7) attributes: Some memory region(s) within this range is Shared among cores. 
info: r5fss0-1 CONFIG_MPU_MSRAM_NOCACHE0(/kernel/dpl/mpu_armv7) $name: This MPU region includes other cores' memory regions as well. Pl. make sure what you configure.
info: r5fss1-0 CONFIG_UART_CONSOLE(/drivers/uart/uart) baudRate: Actual Baudrate Possible: 115385 (0 % error)
info: r5fss1-0 CONFIG_MPU_REGION0(/kernel/dpl/mpu_armv7) attributes: Some memory region(s) within this range is Shared among cores. 
info: r5fss1-0 CONFIG_MPU_REGION0(/kernel/dpl/mpu_armv7) $name: This MPU region includes other cores' memory regions as well. Pl. make sure what you configure.
info: r5fss1-0 CONFIG_MPU_REGION1(/kernel/dpl/mpu_armv7) attributes: Some memory region(s) within this range is Shared among cores. 
info: r5fss1-0 CONFIG_MPU_REGION1(/kernel/dpl/mpu_armv7) $name: This MPU region includes other cores' memory regions as well. Pl. make sure what you configure.
info: r5fss1-0 CONFIG_MPU_REGION2(/kernel/dpl/mpu_armv7) attributes: Some memory region(s) within this range is Shared among cores. 
info: r5fss1-0 CONFIG_MPU_REGION2(/kernel/dpl/mpu_armv7) $name: This MPU region includes other cores' memory regions as well. Pl. make sure what you configure.
info: r5fss1-0 CONFIG_MPU_REGION3(/kernel/dpl/mpu_armv7) attributes: Some memory region(s) within this range is Shared among cores. 
info: r5fss1-0 CONFIG_MPU_REGION3(/kernel/dpl/mpu_armv7) $name: This MPU region includes other cores' memory regions as well. Pl. make sure what you configure.
info: r5fss1-0 CONFIG_MPU_MSRAM_NOCACHE0(/kernel/dpl/mpu_armv7) attributes: Some memory region(s) within this range is Shared among cores. 
info: r5fss1-0 CONFIG_MPU_MSRAM_NOCACHE0(/kernel/dpl/mpu_armv7) $name: This MPU region includes other cores' memory regions as well. Pl. make sure what you configure.
info: r5fss1-0 CONFIG_MPU_MSRAM_NOCACHE1(/kernel/dpl/mpu_armv7) attributes: Some memory region(s) within this range is Shared among cores. 
info: r5fss1-0 CONFIG_MPU_MSRAM_NOCACHE1(/kernel/dpl/mpu_armv7) $name: This MPU region includes other cores' memory regions as well. Pl. make sure what you configure.
Generating Code (example.syscfg)...
Writing C:\CoRoot\##TASKS##\#TASK# TI_AM243x_LaunchPad_eFlex\ccs_singlewire_led_project\single_chip_servo_am243x-lp_r5fss1-0_freertos_ti-arm-clang\Release\syscfg\ti_dpl_config.c...
Writing C:\CoRoot\##TASKS##\#TASK# TI_AM243x_LaunchPad_eFlex\ccs_singlewire_led_project\single_chip_servo_am243x-lp_r5fss1-0_freertos_ti-arm-clang\Release\syscfg\ti_dpl_config.h...
Writing C:\CoRoot\##TASKS##\#TASK# TI_AM243x_LaunchPad_eFlex\ccs_singlewire_led_project\single_chip_servo_am243x-lp_r5fss1-0_freertos_ti-arm-clang\Release\syscfg\ti_drivers_config.c...
Writing C:\CoRoot\##TASKS##\#TASK# TI_AM243x_LaunchPad_eFlex\ccs_singlewire_led_project\single_chip_servo_am243x-lp_r5fss1-0_freertos_ti-arm-clang\Release\syscfg\ti_drivers_config.h...
Writing C:\CoRoot\##TASKS##\#TASK# TI_AM243x_LaunchPad_eFlex\ccs_singlewire_led_project\single_chip_servo_am243x-lp_r5fss1-0_freertos_ti-arm-clang\Release\syscfg\ti_drivers_open_close.c...
Writing C:\CoRoot\##TASKS##\#TASK# TI_AM243x_LaunchPad_eFlex\ccs_singlewire_led_project\single_chip_servo_am243x-lp_r5fss1-0_freertos_ti-arm-clang\Release\syscfg\ti_drivers_open_close.h...
Writing C:\CoRoot\##TASKS##\#TASK# TI_AM243x_LaunchPad_eFlex\ccs_singlewire_led_project\single_chip_servo_am243x-lp_r5fss1-0_freertos_ti-arm-clang\Release\syscfg\ti_pinmux_config.c...
Writing C:\CoRoot\##TASKS##\#TASK# TI_AM243x_LaunchPad_eFlex\ccs_singlewire_led_project\single_chip_servo_am243x-lp_r5fss1-0_freertos_ti-arm-clang\Release\syscfg\ti_power_clock_config.c...
Writing C:\CoRoot\##TASKS##\#TASK# TI_AM243x_LaunchPad_eFlex\ccs_singlewire_led_project\single_chip_servo_am243x-lp_r5fss1-0_freertos_ti-arm-clang\Release\syscfg\ti_board_config.c...
Writing C:\CoRoot\##TASKS##\#TASK# TI_AM243x_LaunchPad_eFlex\ccs_singlewire_led_project\single_chip_servo_am243x-lp_r5fss1-0_freertos_ti-arm-clang\Release\syscfg\ti_board_config.h...
Writing C:\CoRoot\##TASKS##\#TASK# TI_AM243x_LaunchPad_eFlex\ccs_singlewire_led_project\single_chip_servo_am243x-lp_r5fss1-0_freertos_ti-arm-clang\Release\syscfg\ti_board_open_close.c...
Writing C:\CoRoot\##TASKS##\#TASK# TI_AM243x_LaunchPad_eFlex\ccs_singlewire_led_project\single_chip_servo_am243x-lp_r5fss1-0_freertos_ti-arm-clang\Release\syscfg\ti_board_open_close.h...
Writing C:\CoRoot\##TASKS##\#TASK# TI_AM243x_LaunchPad_eFlex\ccs_singlewire_led_project\single_chip_servo_am243x-lp_r5fss1-0_freertos_ti-arm-clang\Release\syscfg\ti_enet_config.c...
Writing C:\CoRoot\##TASKS##\#TASK# TI_AM243x_LaunchPad_eFlex\ccs_singlewire_led_project\single_chip_servo_am243x-lp_r5fss1-0_freertos_ti-arm-clang\Release\syscfg\ti_enet_config.h...
Writing C:\CoRoot\##TASKS##\#TASK# TI_AM243x_LaunchPad_eFlex\ccs_singlewire_led_project\single_chip_servo_am243x-lp_r5fss1-0_freertos_ti-arm-clang\Release\syscfg\ti_enet_open_close.c...
Writing C:\CoRoot\##TASKS##\#TASK# TI_AM243x_LaunchPad_eFlex\ccs_singlewire_led_project\single_chip_servo_am243x-lp_r5fss1-0_freertos_ti-arm-clang\Release\syscfg\ti_enet_open_close.h...
Writing C:\CoRoot\##TASKS##\#TASK# TI_AM243x_LaunchPad_eFlex\ccs_singlewire_led_project\single_chip_servo_am243x-lp_r5fss1-0_freertos_ti-arm-clang\Release\syscfg\ti_enet_soc.c...
Writing C:\CoRoot\##TASKS##\#TASK# TI_AM243x_LaunchPad_eFlex\ccs_singlewire_led_project\single_chip_servo_am243x-lp_r5fss1-0_freertos_ti-arm-clang\Release\syscfg\ti_enet_lwipif.c...
Writing C:\CoRoot\##TASKS##\#TASK# TI_AM243x_LaunchPad_eFlex\ccs_singlewire_led_project\single_chip_servo_am243x-lp_r5fss1-0_freertos_ti-arm-clang\Release\syscfg\ti_enet_lwipif.h...
Writing C:\CoRoot\##TASKS##\#TASK# TI_AM243x_LaunchPad_eFlex\ccs_singlewire_led_project\single_chip_servo_am243x-lp_r5fss1-0_freertos_ti-arm-clang\Release\syscfg\ti_pru_io_config.inc...
Writing C:\CoRoot\##TASKS##\#TASK# TI_AM243x_LaunchPad_eFlex\ccs_singlewire_led_project\single_chip_servo_am243x-lp_r5fss1-0_freertos_ti-arm-clang\Release\syscfg\linker.cmd...
Writing C:\CoRoot\##TASKS##\#TASK# TI_AM243x_LaunchPad_eFlex\ccs_singlewire_led_project\single_chip_servo_am243x-lp_r5fss1-0_freertos_ti-arm-clang\Release\syscfg\linker_defines.h...
Finished building: "../example.syscfg"
 
Arm Compiler - building file: "../CUST_PHY_base.c"
"C:/ti/ti_cgt_arm_llvm_3.2.2.LTS/bin/tiarmclang.exe" -c @"ccsIncludes.opt"  -mcpu=cortex-r5 -mfloat-abi=hard -mfpu=vfpv3-d16 -mlittle-endian -mthumb -Os -DSOC_AM243X -DSOC_AM243X=1 -DOSAL_FREERTOS=1 -Dcore0 -Dam243x -Dam243x_lp -DSSC_CHECKTIMER=1 -DUSE_ECAT_TIMER=1 -DCUST_PHY_DP83869=1 -g -Wall -Wno-gnu-variable-sized-type-not-at-end -Wno-unused-function -Wno-unused-but-set-variable -MMD -MP -MF"CUST_PHY_base.d_raw" -MT"CUST_PHY_base.o" -I"C:/CoRoot/##TASKS##/#TASK# TI_AM243x_LaunchPad_eFlex/ccs_singlewire_led_project/single_chip_servo_am243x-lp_r5fss1-0_freertos_ti-arm-clang/Release/syscfg"   -o"CUST_PHY_base.o" "../CUST_PHY_base.c"
Finished building: "../CUST_PHY_base.c"
 
Arm Compiler - building file: "../CUST_PHY_dp83869.c"
"C:/ti/ti_cgt_arm_llvm_3.2.2.LTS/bin/tiarmclang.exe" -c @"ccsIncludes.opt"  -mcpu=cortex-r5 -mfloat-abi=hard -mfpu=vfpv3-d16 -mlittle-endian -mthumb -Os -DSOC_AM243X -DSOC_AM243X=1 -DOSAL_FREERTOS=1 -Dcore0 -Dam243x -Dam243x_lp -DSSC_CHECKTIMER=1 -DUSE_ECAT_TIMER=1 -DCUST_PHY_DP83869=1 -g -Wall -Wno-gnu-variable-sized-type-not-at-end -Wno-unused-function -Wno-unused-but-set-variable -MMD -MP -MF"CUST_PHY_dp83869.d_raw" -MT"CUST_PHY_dp83869.o" -I"C:/CoRoot/##TASKS##/#TASK# TI_AM243x_LaunchPad_eFlex/ccs_singlewire_led_project/single_chip_servo_am243x-lp_r5fss1-0_freertos_ti-arm-clang/Release/syscfg"   -o"CUST_PHY_dp83869.o" "../CUST_PHY_dp83869.c"
Finished building: "../CUST_PHY_dp83869.c"
 
Arm Compiler - building file: "../ESL_soeDemo.c"
"C:/ti/ti_cgt_arm_llvm_3.2.2.LTS/bin/tiarmclang.exe" -c @"ccsIncludes.opt"  -mcpu=cortex-r5 -mfloat-abi=hard -mfpu=vfpv3-d16 -mlittle-endian -mthumb -Os -DSOC_AM243X -DSOC_AM243X=1 -DOSAL_FREERTOS=1 -Dcore0 -Dam243x -Dam243x_lp -DSSC_CHECKTIMER=1 -DUSE_ECAT_TIMER=1 -DCUST_PHY_DP83869=1 -g -Wall -Wno-gnu-variable-sized-type-not-at-end -Wno-unused-function -Wno-unused-but-set-variable -MMD -MP -MF"ESL_soeDemo.d_raw" -MT"ESL_soeDemo.o" -I"C:/CoRoot/##TASKS##/#TASK# TI_AM243x_LaunchPad_eFlex/ccs_singlewire_led_project/single_chip_servo_am243x-lp_r5fss1-0_freertos_ti-arm-clang/Release/syscfg"   -o"ESL_soeDemo.o" "../ESL_soeDemo.c"
Finished building: "../ESL_soeDemo.c"
 
Arm Compiler - building file: "../ESL_BOARD_OS_config_tidep_01032.c"
"C:/ti/ti_cgt_arm_llvm_3.2.2.LTS/bin/tiarmclang.exe" -c @"ccsIncludes.opt"  -mcpu=cortex-r5 -mfloat-abi=hard -mfpu=vfpv3-d16 -mlittle-endian -mthumb -Os -DSOC_AM243X -DSOC_AM243X=1 -DOSAL_FREERTOS=1 -Dcore0 -Dam243x -Dam243x_lp -DSSC_CHECKTIMER=1 -DUSE_ECAT_TIMER=1 -DCUST_PHY_DP83869=1 -g -Wall -Wno-gnu-variable-sized-type-not-at-end -Wno-unused-function -Wno-unused-but-set-variable -MMD -MP -MF"ESL_BOARD_OS_config_tidep_01032.d_raw" -MT"ESL_BOARD_OS_config_tidep_01032.o" -I"C:/CoRoot/##TASKS##/#TASK# TI_AM243x_LaunchPad_eFlex/ccs_singlewire_led_project/single_chip_servo_am243x-lp_r5fss1-0_freertos_ti-arm-clang/Release/syscfg"   -o"ESL_BOARD_OS_config_tidep_01032.o" "../ESL_BOARD_OS_config_tidep_01032.c"
Finished building: "../ESL_BOARD_OS_config_tidep_01032.c"
 
Arm Compiler - building file: "../ESL_OS_os.c"
"C:/ti/ti_cgt_arm_llvm_3.2.2.LTS/bin/tiarmclang.exe" -c @"ccsIncludes.opt"  -mcpu=cortex-r5 -mfloat-abi=hard -mfpu=vfpv3-d16 -mlittle-endian -mthumb -Os -DSOC_AM243X -DSOC_AM243X=1 -DOSAL_FREERTOS=1 -Dcore0 -Dam243x -Dam243x_lp -DSSC_CHECKTIMER=1 -DUSE_ECAT_TIMER=1 -DCUST_PHY_DP83869=1 -g -Wall -Wno-gnu-variable-sized-type-not-at-end -Wno-unused-function -Wno-unused-but-set-variable -MMD -MP -MF"ESL_OS_os.d_raw" -MT"ESL_OS_os.o" -I"C:/CoRoot/##TASKS##/#TASK# TI_AM243x_LaunchPad_eFlex/ccs_singlewire_led_project/single_chip_servo_am243x-lp_r5fss1-0_freertos_ti-arm-clang/Release/syscfg"   -o"ESL_OS_os.o" "../ESL_OS_os.c"
Finished building: "../ESL_OS_os.c"
 
Arm Compiler - building file: "../ESL_foeDemo.c"
"C:/ti/ti_cgt_arm_llvm_3.2.2.LTS/bin/tiarmclang.exe" -c @"ccsIncludes.opt"  -mcpu=cortex-r5 -mfloat-abi=hard -mfpu=vfpv3-d16 -mlittle-endian -mthumb -Os -DSOC_AM243X -DSOC_AM243X=1 -DOSAL_FREERTOS=1 -Dcore0 -Dam243x -Dam243x_lp -DSSC_CHECKTIMER=1 -DUSE_ECAT_TIMER=1 -DCUST_PHY_DP83869=1 -g -Wall -Wno-gnu-variable-sized-type-not-at-end -Wno-unused-function -Wno-unused-but-set-variable -MMD -MP -MF"ESL_foeDemo.d_raw" -MT"ESL_foeDemo.o" -I"C:/CoRoot/##TASKS##/#TASK# TI_AM243x_LaunchPad_eFlex/ccs_singlewire_led_project/single_chip_servo_am243x-lp_r5fss1-0_freertos_ti-arm-clang/Release/syscfg"   -o"ESL_foeDemo.o" "../ESL_foeDemo.c"
Finished building: "../ESL_foeDemo.c"
 
Arm Compiler - building file: "../ESL_fileHandling.c"
"C:/ti/ti_cgt_arm_llvm_3.2.2.LTS/bin/tiarmclang.exe" -c @"ccsIncludes.opt"  -mcpu=cortex-r5 -mfloat-abi=hard -mfpu=vfpv3-d16 -mlittle-endian -mthumb -Os -DSOC_AM243X -DSOC_AM243X=1 -DOSAL_FREERTOS=1 -Dcore0 -Dam243x -Dam243x_lp -DSSC_CHECKTIMER=1 -DUSE_ECAT_TIMER=1 -DCUST_PHY_DP83869=1 -g -Wall -Wno-gnu-variable-sized-type-not-at-end -Wno-unused-function -Wno-unused-but-set-variable -MMD -MP -MF"ESL_fileHandling.d_raw" -MT"ESL_fileHandling.o" -I"C:/CoRoot/##TASKS##/#TASK# TI_AM243x_LaunchPad_eFlex/ccs_singlewire_led_project/single_chip_servo_am243x-lp_r5fss1-0_freertos_ti-arm-clang/Release/syscfg"   -o"ESL_fileHandling.o" "../ESL_fileHandling.c"
Finished building: "../ESL_fileHandling.c"
 
Arm Compiler - building file: "../ESL_cia402Obd.c"
"C:/ti/ti_cgt_arm_llvm_3.2.2.LTS/bin/tiarmclang.exe" -c @"ccsIncludes.opt"  -mcpu=cortex-r5 -mfloat-abi=hard -mfpu=vfpv3-d16 -mlittle-endian -mthumb -Os -DSOC_AM243X -DSOC_AM243X=1 -DOSAL_FREERTOS=1 -Dcore0 -Dam243x -Dam243x_lp -DSSC_CHECKTIMER=1 -DUSE_ECAT_TIMER=1 -DCUST_PHY_DP83869=1 -g -Wall -Wno-gnu-variable-sized-type-not-at-end -Wno-unused-function -Wno-unused-but-set-variable -MMD -MP -MF"ESL_cia402Obd.d_raw" -MT"ESL_cia402Obd.o" -I"C:/CoRoot/##TASKS##/#TASK# TI_AM243x_LaunchPad_eFlex/ccs_singlewire_led_project/single_chip_servo_am243x-lp_r5fss1-0_freertos_ti-arm-clang/Release/syscfg"   -o"ESL_cia402Obd.o" "../ESL_cia402Obd.c"
Finished building: "../ESL_cia402Obd.c"
 
Arm Compiler - building file: "../ESL_eeprom_tidep_01032.c"
"C:/ti/ti_cgt_arm_llvm_3.2.2.LTS/bin/tiarmclang.exe" -c @"ccsIncludes.opt"  -mcpu=cortex-r5 -mfloat-abi=hard -mfpu=vfpv3-d16 -mlittle-endian -mthumb -Os -DSOC_AM243X -DSOC_AM243X=1 -DOSAL_FREERTOS=1 -Dcore0 -Dam243x -Dam243x_lp -DSSC_CHECKTIMER=1 -DUSE_ECAT_TIMER=1 -DCUST_PHY_DP83869=1 -g -Wall -Wno-gnu-variable-sized-type-not-at-end -Wno-unused-function -Wno-unused-but-set-variable -MMD -MP -MF"ESL_eeprom_tidep_01032.d_raw" -MT"ESL_eeprom_tidep_01032.o" -I"C:/CoRoot/##TASKS##/#TASK# TI_AM243x_LaunchPad_eFlex/ccs_singlewire_led_project/single_chip_servo_am243x-lp_r5fss1-0_freertos_ti-arm-clang/Release/syscfg"   -o"ESL_eeprom_tidep_01032.o" "../ESL_eeprom_tidep_01032.c"
Finished building: "../ESL_eeprom_tidep_01032.c"
 
Arm Compiler - building file: "../ESL_cia402Demo_tidep_01032.c"
"C:/ti/ti_cgt_arm_llvm_3.2.2.LTS/bin/tiarmclang.exe" -c @"ccsIncludes.opt"  -mcpu=cortex-r5 -mfloat-abi=hard -mfpu=vfpv3-d16 -mlittle-endian -mthumb -Os -DSOC_AM243X -DSOC_AM243X=1 -DOSAL_FREERTOS=1 -Dcore0 -Dam243x -Dam243x_lp -DSSC_CHECKTIMER=1 -DUSE_ECAT_TIMER=1 -DCUST_PHY_DP83869=1 -g -Wall -Wno-gnu-variable-sized-type-not-at-end -Wno-unused-function -Wno-unused-but-set-variable -MMD -MP -MF"ESL_cia402Demo_tidep_01032.d_raw" -MT"ESL_cia402Demo_tidep_01032.o" -I"C:/CoRoot/##TASKS##/#TASK# TI_AM243x_LaunchPad_eFlex/ccs_singlewire_led_project/single_chip_servo_am243x-lp_r5fss1-0_freertos_ti-arm-clang/Release/syscfg"   -o"ESL_cia402Demo_tidep_01032.o" "../ESL_cia402Demo_tidep_01032.c"
Finished building: "../ESL_cia402Demo_tidep_01032.c"
 
Arm Compiler - building file: "../ESL_gpioHelper.c"
"C:/ti/ti_cgt_arm_llvm_3.2.2.LTS/bin/tiarmclang.exe" -c @"ccsIncludes.opt"  -mcpu=cortex-r5 -mfloat-abi=hard -mfpu=vfpv3-d16 -mlittle-endian -mthumb -Os -DSOC_AM243X -DSOC_AM243X=1 -DOSAL_FREERTOS=1 -Dcore0 -Dam243x -Dam243x_lp -DSSC_CHECKTIMER=1 -DUSE_ECAT_TIMER=1 -DCUST_PHY_DP83869=1 -g -Wall -Wno-gnu-variable-sized-type-not-at-end -Wno-unused-function -Wno-unused-but-set-variable -MMD -MP -MF"ESL_gpioHelper.d_raw" -MT"ESL_gpioHelper.o" -I"C:/CoRoot/##TASKS##/#TASK# TI_AM243x_LaunchPad_eFlex/ccs_singlewire_led_project/single_chip_servo_am243x-lp_r5fss1-0_freertos_ti-arm-clang/Release/syscfg"   -o"ESL_gpioHelper.o" "../ESL_gpioHelper.c"
Finished building: "../ESL_gpioHelper.c"
 
Arm Compiler - building file: "../ESL_version.c"
"C:/ti/ti_cgt_arm_llvm_3.2.2.LTS/bin/tiarmclang.exe" -c @"ccsIncludes.opt"  -mcpu=cortex-r5 -mfloat-abi=hard -mfpu=vfpv3-d16 -mlittle-endian -mthumb -Os -DSOC_AM243X -DSOC_AM243X=1 -DOSAL_FREERTOS=1 -Dcore0 -Dam243x -Dam243x_lp -DSSC_CHECKTIMER=1 -DUSE_ECAT_TIMER=1 -DCUST_PHY_DP83869=1 -g -Wall -Wno-gnu-variable-sized-type-not-at-end -Wno-unused-function -Wno-unused-but-set-variable -MMD -MP -MF"ESL_version.d_raw" -MT"ESL_version.o" -I"C:/CoRoot/##TASKS##/#TASK# TI_AM243x_LaunchPad_eFlex/ccs_singlewire_led_project/single_chip_servo_am243x-lp_r5fss1-0_freertos_ti-arm-clang/Release/syscfg"   -o"ESL_version.o" "../ESL_version.c"
Finished building: "../ESL_version.c"
 
Arm Compiler - building file: "../EtherCAT_Slave_CiA402_tidep_01032.c"
"C:/ti/ti_cgt_arm_llvm_3.2.2.LTS/bin/tiarmclang.exe" -c @"ccsIncludes.opt"  -mcpu=cortex-r5 -mfloat-abi=hard -mfpu=vfpv3-d16 -mlittle-endian -mthumb -Os -DSOC_AM243X -DSOC_AM243X=1 -DOSAL_FREERTOS=1 -Dcore0 -Dam243x -Dam243x_lp -DSSC_CHECKTIMER=1 -DUSE_ECAT_TIMER=1 -DCUST_PHY_DP83869=1 -g -Wall -Wno-gnu-variable-sized-type-not-at-end -Wno-unused-function -Wno-unused-but-set-variable -MMD -MP -MF"EtherCAT_Slave_CiA402_tidep_01032.d_raw" -MT"EtherCAT_Slave_CiA402_tidep_01032.o" -I"C:/CoRoot/##TASKS##/#TASK# TI_AM243x_LaunchPad_eFlex/ccs_singlewire_led_project/single_chip_servo_am243x-lp_r5fss1-0_freertos_ti-arm-clang/Release/syscfg"   -o"EtherCAT_Slave_CiA402_tidep_01032.o" "../EtherCAT_Slave_CiA402_tidep_01032.c"
Finished building: "../EtherCAT_Slave_CiA402_tidep_01032.c"
 
Arm Compiler - building file: "syscfg/ti_dpl_config.c"
"C:/ti/ti_cgt_arm_llvm_3.2.2.LTS/bin/tiarmclang.exe" -c @"ccsIncludes.opt"  -mcpu=cortex-r5 -mfloat-abi=hard -mfpu=vfpv3-d16 -mlittle-endian -mthumb -Os -DSOC_AM243X -DSOC_AM243X=1 -DOSAL_FREERTOS=1 -Dcore0 -Dam243x -Dam243x_lp -DSSC_CHECKTIMER=1 -DUSE_ECAT_TIMER=1 -DCUST_PHY_DP83869=1 -g -Wall -Wno-gnu-variable-sized-type-not-at-end -Wno-unused-function -Wno-unused-but-set-variable -MMD -MP -MF"syscfg/ti_dpl_config.d_raw" -MT"syscfg/ti_dpl_config.o" -I"C:/CoRoot/##TASKS##/#TASK# TI_AM243x_LaunchPad_eFlex/ccs_singlewire_led_project/single_chip_servo_am243x-lp_r5fss1-0_freertos_ti-arm-clang/Release/syscfg"   -o"syscfg/ti_dpl_config.o" "syscfg/ti_dpl_config.c"
Finished building: "syscfg/ti_dpl_config.c"
 
Arm Compiler - building file: "../ecSlvCiA402.c"
"C:/ti/ti_cgt_arm_llvm_3.2.2.LTS/bin/tiarmclang.exe" -c @"ccsIncludes.opt"  -mcpu=cortex-r5 -mfloat-abi=hard -mfpu=vfpv3-d16 -mlittle-endian -mthumb -Os -DSOC_AM243X -DSOC_AM243X=1 -DOSAL_FREERTOS=1 -Dcore0 -Dam243x -Dam243x_lp -DSSC_CHECKTIMER=1 -DUSE_ECAT_TIMER=1 -DCUST_PHY_DP83869=1 -g -Wall -Wno-gnu-variable-sized-type-not-at-end -Wno-unused-function -Wno-unused-but-set-variable -MMD -MP -MF"ecSlvCiA402.d_raw" -MT"ecSlvCiA402.o" -I"C:/CoRoot/##TASKS##/#TASK# TI_AM243x_LaunchPad_eFlex/ccs_singlewire_led_project/single_chip_servo_am243x-lp_r5fss1-0_freertos_ti-arm-clang/Release/syscfg"   -o"ecSlvCiA402.o" "../ecSlvCiA402.c"
Finished building: "../ecSlvCiA402.c"
 
Arm Compiler - building file: "syscfg/ti_drivers_config.c"
"C:/ti/ti_cgt_arm_llvm_3.2.2.LTS/bin/tiarmclang.exe" -c @"ccsIncludes.opt"  -mcpu=cortex-r5 -mfloat-abi=hard -mfpu=vfpv3-d16 -mlittle-endian -mthumb -Os -DSOC_AM243X -DSOC_AM243X=1 -DOSAL_FREERTOS=1 -Dcore0 -Dam243x -Dam243x_lp -DSSC_CHECKTIMER=1 -DUSE_ECAT_TIMER=1 -DCUST_PHY_DP83869=1 -g -Wall -Wno-gnu-variable-sized-type-not-at-end -Wno-unused-function -Wno-unused-but-set-variable -MMD -MP -MF"syscfg/ti_drivers_config.d_raw" -MT"syscfg/ti_drivers_config.o" -I"C:/CoRoot/##TASKS##/#TASK# TI_AM243x_LaunchPad_eFlex/ccs_singlewire_led_project/single_chip_servo_am243x-lp_r5fss1-0_freertos_ti-arm-clang/Release/syscfg"   -o"syscfg/ti_drivers_config.o" "syscfg/ti_drivers_config.c"
Finished building: "syscfg/ti_drivers_config.c"
 
Arm Compiler - building file: "syscfg/ti_drivers_open_close.c"
"C:/ti/ti_cgt_arm_llvm_3.2.2.LTS/bin/tiarmclang.exe" -c @"ccsIncludes.opt"  -mcpu=cortex-r5 -mfloat-abi=hard -mfpu=vfpv3-d16 -mlittle-endian -mthumb -Os -DSOC_AM243X -DSOC_AM243X=1 -DOSAL_FREERTOS=1 -Dcore0 -Dam243x -Dam243x_lp -DSSC_CHECKTIMER=1 -DUSE_ECAT_TIMER=1 -DCUST_PHY_DP83869=1 -g -Wall -Wno-gnu-variable-sized-type-not-at-end -Wno-unused-function -Wno-unused-but-set-variable -MMD -MP -MF"syscfg/ti_drivers_open_close.d_raw" -MT"syscfg/ti_drivers_open_close.o" -I"C:/CoRoot/##TASKS##/#TASK# TI_AM243x_LaunchPad_eFlex/ccs_singlewire_led_project/single_chip_servo_am243x-lp_r5fss1-0_freertos_ti-arm-clang/Release/syscfg"   -o"syscfg/ti_drivers_open_close.o" "syscfg/ti_drivers_open_close.c"
Finished building: "syscfg/ti_drivers_open_close.c"
 
Arm Compiler - building file: "syscfg/ti_pinmux_config.c"
"C:/ti/ti_cgt_arm_llvm_3.2.2.LTS/bin/tiarmclang.exe" -c @"ccsIncludes.opt"  -mcpu=cortex-r5 -mfloat-abi=hard -mfpu=vfpv3-d16 -mlittle-endian -mthumb -Os -DSOC_AM243X -DSOC_AM243X=1 -DOSAL_FREERTOS=1 -Dcore0 -Dam243x -Dam243x_lp -DSSC_CHECKTIMER=1 -DUSE_ECAT_TIMER=1 -DCUST_PHY_DP83869=1 -g -Wall -Wno-gnu-variable-sized-type-not-at-end -Wno-unused-function -Wno-unused-but-set-variable -MMD -MP -MF"syscfg/ti_pinmux_config.d_raw" -MT"syscfg/ti_pinmux_config.o" -I"C:/CoRoot/##TASKS##/#TASK# TI_AM243x_LaunchPad_eFlex/ccs_singlewire_led_project/single_chip_servo_am243x-lp_r5fss1-0_freertos_ti-arm-clang/Release/syscfg"   -o"syscfg/ti_pinmux_config.o" "syscfg/ti_pinmux_config.c"
Finished building: "syscfg/ti_pinmux_config.c"
 
Arm Compiler - building file: "syscfg/ti_enet_config.c"
"C:/ti/ti_cgt_arm_llvm_3.2.2.LTS/bin/tiarmclang.exe" -c @"ccsIncludes.opt"  -mcpu=cortex-r5 -mfloat-abi=hard -mfpu=vfpv3-d16 -mlittle-endian -mthumb -Os -DSOC_AM243X -DSOC_AM243X=1 -DOSAL_FREERTOS=1 -Dcore0 -Dam243x -Dam243x_lp -DSSC_CHECKTIMER=1 -DUSE_ECAT_TIMER=1 -DCUST_PHY_DP83869=1 -g -Wall -Wno-gnu-variable-sized-type-not-at-end -Wno-unused-function -Wno-unused-but-set-variable -MMD -MP -MF"syscfg/ti_enet_config.d_raw" -MT"syscfg/ti_enet_config.o" -I"C:/CoRoot/##TASKS##/#TASK# TI_AM243x_LaunchPad_eFlex/ccs_singlewire_led_project/single_chip_servo_am243x-lp_r5fss1-0_freertos_ti-arm-clang/Release/syscfg"   -o"syscfg/ti_enet_config.o" "syscfg/ti_enet_config.c"
Finished building: "syscfg/ti_enet_config.c"
 
Arm Compiler - building file: "syscfg/ti_enet_open_close.c"
"C:/ti/ti_cgt_arm_llvm_3.2.2.LTS/bin/tiarmclang.exe" -c @"ccsIncludes.opt"  -mcpu=cortex-r5 -mfloat-abi=hard -mfpu=vfpv3-d16 -mlittle-endian -mthumb -Os -DSOC_AM243X -DSOC_AM243X=1 -DOSAL_FREERTOS=1 -Dcore0 -Dam243x -Dam243x_lp -DSSC_CHECKTIMER=1 -DUSE_ECAT_TIMER=1 -DCUST_PHY_DP83869=1 -g -Wall -Wno-gnu-variable-sized-type-not-at-end -Wno-unused-function -Wno-unused-but-set-variable -MMD -MP -MF"syscfg/ti_enet_open_close.d_raw" -MT"syscfg/ti_enet_open_close.o" -I"C:/CoRoot/##TASKS##/#TASK# TI_AM243x_LaunchPad_eFlex/ccs_singlewire_led_project/single_chip_servo_am243x-lp_r5fss1-0_freertos_ti-arm-clang/Release/syscfg"   -o"syscfg/ti_enet_open_close.o" "syscfg/ti_enet_open_close.c"
Finished building: "syscfg/ti_enet_open_close.c"
 
Arm Compiler - building file: "syscfg/ti_power_clock_config.c"
"C:/ti/ti_cgt_arm_llvm_3.2.2.LTS/bin/tiarmclang.exe" -c @"ccsIncludes.opt"  -mcpu=cortex-r5 -mfloat-abi=hard -mfpu=vfpv3-d16 -mlittle-endian -mthumb -Os -DSOC_AM243X -DSOC_AM243X=1 -DOSAL_FREERTOS=1 -Dcore0 -Dam243x -Dam243x_lp -DSSC_CHECKTIMER=1 -DUSE_ECAT_TIMER=1 -DCUST_PHY_DP83869=1 -g -Wall -Wno-gnu-variable-sized-type-not-at-end -Wno-unused-function -Wno-unused-but-set-variable -MMD -MP -MF"syscfg/ti_power_clock_config.d_raw" -MT"syscfg/ti_power_clock_config.o" -I"C:/CoRoot/##TASKS##/#TASK# TI_AM243x_LaunchPad_eFlex/ccs_singlewire_led_project/single_chip_servo_am243x-lp_r5fss1-0_freertos_ti-arm-clang/Release/syscfg"   -o"syscfg/ti_power_clock_config.o" "syscfg/ti_power_clock_config.c"
Finished building: "syscfg/ti_power_clock_config.c"
 
Arm Compiler - building file: "syscfg/ti_enet_soc.c"
"C:/ti/ti_cgt_arm_llvm_3.2.2.LTS/bin/tiarmclang.exe" -c @"ccsIncludes.opt"  -mcpu=cortex-r5 -mfloat-abi=hard -mfpu=vfpv3-d16 -mlittle-endian -mthumb -Os -DSOC_AM243X -DSOC_AM243X=1 -DOSAL_FREERTOS=1 -Dcore0 -Dam243x -Dam243x_lp -DSSC_CHECKTIMER=1 -DUSE_ECAT_TIMER=1 -DCUST_PHY_DP83869=1 -g -Wall -Wno-gnu-variable-sized-type-not-at-end -Wno-unused-function -Wno-unused-but-set-variable -MMD -MP -MF"syscfg/ti_enet_soc.d_raw" -MT"syscfg/ti_enet_soc.o" -I"C:/CoRoot/##TASKS##/#TASK# TI_AM243x_LaunchPad_eFlex/ccs_singlewire_led_project/single_chip_servo_am243x-lp_r5fss1-0_freertos_ti-arm-clang/Release/syscfg"   -o"syscfg/ti_enet_soc.o" "syscfg/ti_enet_soc.c"
Finished building: "syscfg/ti_enet_soc.c"
 
Arm Compiler - building file: "syscfg/ti_enet_lwipif.c"
"C:/ti/ti_cgt_arm_llvm_3.2.2.LTS/bin/tiarmclang.exe" -c @"ccsIncludes.opt"  -mcpu=cortex-r5 -mfloat-abi=hard -mfpu=vfpv3-d16 -mlittle-endian -mthumb -Os -DSOC_AM243X -DSOC_AM243X=1 -DOSAL_FREERTOS=1 -Dcore0 -Dam243x -Dam243x_lp -DSSC_CHECKTIMER=1 -DUSE_ECAT_TIMER=1 -DCUST_PHY_DP83869=1 -g -Wall -Wno-gnu-variable-sized-type-not-at-end -Wno-unused-function -Wno-unused-but-set-variable -MMD -MP -MF"syscfg/ti_enet_lwipif.d_raw" -MT"syscfg/ti_enet_lwipif.o" -I"C:/CoRoot/##TASKS##/#TASK# TI_AM243x_LaunchPad_eFlex/ccs_singlewire_led_project/single_chip_servo_am243x-lp_r5fss1-0_freertos_ti-arm-clang/Release/syscfg"   -o"syscfg/ti_enet_lwipif.o" "syscfg/ti_enet_lwipif.c"
Finished building: "syscfg/ti_enet_lwipif.c"
 
Arm Compiler - building file: "syscfg/ti_board_config.c"
"C:/ti/ti_cgt_arm_llvm_3.2.2.LTS/bin/tiarmclang.exe" -c @"ccsIncludes.opt"  -mcpu=cortex-r5 -mfloat-abi=hard -mfpu=vfpv3-d16 -mlittle-endian -mthumb -Os -DSOC_AM243X -DSOC_AM243X=1 -DOSAL_FREERTOS=1 -Dcore0 -Dam243x -Dam243x_lp -DSSC_CHECKTIMER=1 -DUSE_ECAT_TIMER=1 -DCUST_PHY_DP83869=1 -g -Wall -Wno-gnu-variable-sized-type-not-at-end -Wno-unused-function -Wno-unused-but-set-variable -MMD -MP -MF"syscfg/ti_board_config.d_raw" -MT"syscfg/ti_board_config.o" -I"C:/CoRoot/##TASKS##/#TASK# TI_AM243x_LaunchPad_eFlex/ccs_singlewire_led_project/single_chip_servo_am243x-lp_r5fss1-0_freertos_ti-arm-clang/Release/syscfg"   -o"syscfg/ti_board_config.o" "syscfg/ti_board_config.c"
Finished building: "syscfg/ti_board_config.c"
 
Arm Compiler - building file: "../nvm.c"
"C:/ti/ti_cgt_arm_llvm_3.2.2.LTS/bin/tiarmclang.exe" -c @"ccsIncludes.opt"  -mcpu=cortex-r5 -mfloat-abi=hard -mfpu=vfpv3-d16 -mlittle-endian -mthumb -Os -DSOC_AM243X -DSOC_AM243X=1 -DOSAL_FREERTOS=1 -Dcore0 -Dam243x -Dam243x_lp -DSSC_CHECKTIMER=1 -DUSE_ECAT_TIMER=1 -DCUST_PHY_DP83869=1 -g -Wall -Wno-gnu-variable-sized-type-not-at-end -Wno-unused-function -Wno-unused-but-set-variable -MMD -MP -MF"nvm.d_raw" -MT"nvm.o" -I"C:/CoRoot/##TASKS##/#TASK# TI_AM243x_LaunchPad_eFlex/ccs_singlewire_led_project/single_chip_servo_am243x-lp_r5fss1-0_freertos_ti-arm-clang/Release/syscfg"   -o"nvm.o" "../nvm.c"
Finished building: "../nvm.c"
 
Arm Compiler - building file: "syscfg/ti_board_open_close.c"
"C:/ti/ti_cgt_arm_llvm_3.2.2.LTS/bin/tiarmclang.exe" -c @"ccsIncludes.opt"  -mcpu=cortex-r5 -mfloat-abi=hard -mfpu=vfpv3-d16 -mlittle-endian -mthumb -Os -DSOC_AM243X -DSOC_AM243X=1 -DOSAL_FREERTOS=1 -Dcore0 -Dam243x -Dam243x_lp -DSSC_CHECKTIMER=1 -DUSE_ECAT_TIMER=1 -DCUST_PHY_DP83869=1 -g -Wall -Wno-gnu-variable-sized-type-not-at-end -Wno-unused-function -Wno-unused-but-set-variable -MMD -MP -MF"syscfg/ti_board_open_close.d_raw" -MT"syscfg/ti_board_open_close.o" -I"C:/CoRoot/##TASKS##/#TASK# TI_AM243x_LaunchPad_eFlex/ccs_singlewire_led_project/single_chip_servo_am243x-lp_r5fss1-0_freertos_ti-arm-clang/Release/syscfg"   -o"syscfg/ti_board_open_close.o" "syscfg/ti_board_open_close.c"
Finished building: "syscfg/ti_board_open_close.c"
 
Arm Compiler - building file: "../nvm_drv_eeprom_tidep_01032.c"
"C:/ti/ti_cgt_arm_llvm_3.2.2.LTS/bin/tiarmclang.exe" -c @"ccsIncludes.opt"  -mcpu=cortex-r5 -mfloat-abi=hard -mfpu=vfpv3-d16 -mlittle-endian -mthumb -Os -DSOC_AM243X -DSOC_AM243X=1 -DOSAL_FREERTOS=1 -Dcore0 -Dam243x -Dam243x_lp -DSSC_CHECKTIMER=1 -DUSE_ECAT_TIMER=1 -DCUST_PHY_DP83869=1 -g -Wall -Wno-gnu-variable-sized-type-not-at-end -Wno-unused-function -Wno-unused-but-set-variable -MMD -MP -MF"nvm_drv_eeprom_tidep_01032.d_raw" -MT"nvm_drv_eeprom_tidep_01032.o" -I"C:/CoRoot/##TASKS##/#TASK# TI_AM243x_LaunchPad_eFlex/ccs_singlewire_led_project/single_chip_servo_am243x-lp_r5fss1-0_freertos_ti-arm-clang/Release/syscfg"   -o"nvm_drv_eeprom_tidep_01032.o" "../nvm_drv_eeprom_tidep_01032.c"
Finished building: "../nvm_drv_eeprom_tidep_01032.c"
 
Arm Compiler - building file: "../nvm_drv_flash.c"
"C:/ti/ti_cgt_arm_llvm_3.2.2.LTS/bin/tiarmclang.exe" -c @"ccsIncludes.opt"  -mcpu=cortex-r5 -mfloat-abi=hard -mfpu=vfpv3-d16 -mlittle-endian -mthumb -Os -DSOC_AM243X -DSOC_AM243X=1 -DOSAL_FREERTOS=1 -Dcore0 -Dam243x -Dam243x_lp -DSSC_CHECKTIMER=1 -DUSE_ECAT_TIMER=1 -DCUST_PHY_DP83869=1 -g -Wall -Wno-gnu-variable-sized-type-not-at-end -Wno-unused-function -Wno-unused-but-set-variable -MMD -MP -MF"nvm_drv_flash.d_raw" -MT"nvm_drv_flash.o" -I"C:/CoRoot/##TASKS##/#TASK# TI_AM243x_LaunchPad_eFlex/ccs_singlewire_led_project/single_chip_servo_am243x-lp_r5fss1-0_freertos_ti-arm-clang/Release/syscfg"   -o"nvm_drv_flash.o" "../nvm_drv_flash.c"
Finished building: "../nvm_drv_flash.c"
 
Arm Linker - building target: "single_chip_servo_am243x-lp_r5fss1-0_freertos_ti-arm-clang.out"
"C:/ti/ti_cgt_arm_llvm_3.2.2.LTS/bin/tiarmclang.exe" -mcpu=cortex-r5 -mfloat-abi=hard -mfpu=vfpv3-d16 -mlittle-endian -mthumb -Os -DSOC_AM243X -DSOC_AM243X=1 -DOSAL_FREERTOS=1 -Dcore0 -Dam243x -Dam243x_lp -DSSC_CHECKTIMER=1 -DUSE_ECAT_TIMER=1 -DCUST_PHY_DP83869=1 -g -Wall -Wno-gnu-variable-sized-type-not-at-end -Wno-unused-function -Wno-unused-but-set-variable -Wl,-m"single_chip_servo.Release.map" -Wl,-i"C:/ti/ti_cgt_arm_llvm_3.2.2.LTS/lib" -Wl,-i"C:/ti/motor_control_sdk_am243x_09_02_00_12/mcu_plus_sdk/source/kernel/freertos/lib" -Wl,-i"C:/ti/motor_control_sdk_am243x_09_02_00_12/mcu_plus_sdk/source/drivers/lib" -Wl,-i"C:/ti/motor_control_sdk_am243x_09_02_00_12/mcu_plus_sdk/source/board/lib" -Wl,-i"C:/ti/motor_control_sdk_am243x_09_02_00_12/ind_comms_sdk/source/industrial_comms/ethercat_slave/stack/lib" -Wl,--reread_libs -Wl,--diag_suppress=10063 -Wl,--diag_wrap=off -Wl,--display_error_number -Wl,--warn_sections -Wl,--xml_link_info="single_chip_servo_am243x-lp_r5fss1-0_freertos_ti-arm-clang_linkInfo.xml" -Wl,--ram_model -Wl,--use_memcpy=fast -Wl,--use_memset=fast -o "single_chip_servo_am243x-lp_r5fss1-0_freertos_ti-arm-clang.out" "./CUST_PHY_base.o" "./CUST_PHY_dp83869.o" "./ESL_BOARD_OS_config_tidep_01032.o" "./ESL_OS_os.o" "./ESL_cia402Demo_tidep_01032.o" "./ESL_cia402Obd.o" "./ESL_eeprom_tidep_01032.o" "./ESL_fileHandling.o" "./ESL_foeDemo.o" "./ESL_gpioHelper.o" "./ESL_soeDemo.o" "./ESL_version.o" "./EtherCAT_Slave_CiA402_tidep_01032.o" "./ecSlvCiA402.o" "./syscfg/ti_dpl_config.o" "./syscfg/ti_drivers_config.o" "./syscfg/ti_drivers_open_close.o" "./syscfg/ti_pinmux_config.o" "./syscfg/ti_power_clock_config.o" "./syscfg/ti_board_config.o" "./syscfg/ti_board_open_close.o" "./syscfg/ti_enet_config.o" "./syscfg/ti_enet_open_close.o" "./syscfg/ti_enet_soc.o" "./syscfg/ti_enet_lwipif.o" "./nvm.o" "./nvm_drv_eeprom_tidep_01032.o" "./nvm_drv_flash.o" -Wl,-l"syscfg/linker.cmd"  -Wl,-llibc.a -Wl,-llibsysbm.a -Wl,-lfreertos.am243x.r5f.ti-arm-clang.release.lib -Wl,-ldrivers.am243x.r5f.ti-arm-clang.release.lib -Wl,-lboard.am243x.r5f.ti-arm-clang.release.lib -Wl,-lethercat_slave.am243x_lp.r5f.ti-arm-clang.release.lib -Wl,-lethercat_slave_bkhf_ssc.am243x_lp.r5f.ti-arm-clang.release.lib 
Finished building target: "single_chip_servo_am243x-lp_r5fss1-0_freertos_ti-arm-clang.out"
 
C:/ti/ccs2050/ccs/utils/bin/gmake -C C:\CoRoot\##TASKS##\#TASK# TI_AM243x_LaunchPad_eFlex\ccs_singlewire_led_project\single_chip_servo_am243x-lp_r5fss1-0_freertos_ti-arm-clang -f makefile_ccs_bootimage_gen OUTNAME=single_chip_servo_am243x-lp_r5fss1-0_freertos_ti-arm-clang PROFILE=Release MOTOR_CONTROL_SDK_PATH=C:/ti/motor_control_sdk_am243x_09_02_00_12 CG_TOOL_ROOT=C:/ti/ti_cgt_arm_llvm_3.2.2.LTS CCS_INSTALL_DIR=C:\ti\ccs2050\ccs\ CCS_IDE_MODE=desktop DEVICE=am243x
gmake[2]: [makefile:176: post-build] Error 2 (ignored)
 
**** Build finished ****


**** Build of configuration 'Release' for project 'single_chip_servo' ****

"C:\\ti\\ccs2050\\ccs\\utils\\bin\\gmake" -k system-post-build -r 
 
C:/ti/ccs2050/ccs/utils/bin/gmake -C C:\CoRoot\##TASKS##\#TASK# TI_AM243x_LaunchPad_eFlex\ccs_singlewire_led_project\single_chip_servo -f makefile_system_ccs_bootimage_gen OUTNAME=single_chip_servo_system PROFILE=Release MOTOR_CONTROL_SDK_PATH=C:/ti/motor_control_sdk_am243x_09_02_00_12 CG_TOOL_ROOT=C:/ti/ccs2050/ccs/tools/compiler/ti-cgt-armllvm_4.0.4.LTS CCS_INSTALL_DIR=C:\ti\ccs2050\ccs\ CCS_IDE_MODE=desktop
gmake[1]: Entering directory 'C:/CoRoot/##TASKS##/#TASK# TI_AM243x_LaunchPad_eFlex/ccs_singlewire_led_project/single_chip_servo/Release'
gmake[1]: Leaving directory 'C:/CoRoot/##TASKS##/#TASK# TI_AM243x_LaunchPad_eFlex/ccs_singlewire_led_project/single_chip_servo/Release'
gmake: [makefile:15: system-post-build] Error 2 (ignored)
 
**** Build finished ****

